timestamp,pixel,fps,pv,ra,stream,device
2023-10-08 09:17:38.548968,180,22,0.91,1.0,1,Laptop
2023-10-08 09:17:39.792932,180,22,1.0,0.95,1,Laptop
2023-10-08 09:17:40.690739,240,22,0.95,0.95,1,Laptop
2023-10-08 09:17:41.769570,420,14,1.0,1.0,1,Laptop
2023-10-08 09:17:42.895704,420,14,0.86,1.0,1,Laptop
2023-10-08 09:17:44.086840,420,30,1.0,1.0,1,Laptop
2023-10-08 09:17:45.071303,420,30,1.0,0.93,1,Laptop
2023-10-08 09:17:46.198555,300,18,0.89,1.0,1,Laptop
2023-10-08 09:17:47.063431,300,18,1.0,1.0,1,Laptop
2023-10-08 09:17:48.131022,360,18,1.0,1.0,1,Laptop
2023-10-08 09:17:49.210828,360,18,0.94,1.0,1,Laptop
2023-10-08 09:17:50.267965,300,18,1.0,1.0,1,Laptop
2023-10-08 09:17:51.413416,300,18,0.89,1.0,1,Laptop
2023-10-08 09:17:52.567220,300,18,0.89,1.0,1,Laptop
2023-10-08 09:17:53.463493,300,18,0.94,1.0,1,Laptop
2023-10-08 09:17:54.522000,300,18,1.0,1.0,1,Laptop
2023-10-08 09:17:55.606078,300,18,1.0,1.0,1,Laptop
2023-10-08 09:17:56.472768,300,18,1.0,1.0,1,Laptop
2023-10-08 09:17:57.539876,300,18,1.0,1.0,1,Laptop
2023-10-08 09:17:58.677285,300,18,1.0,1.0,1,Laptop
2023-10-08 09:17:59.829538,300,18,1.0,1.0,1,Laptop
2023-10-08 09:18:00.685974,300,18,1.0,1.0,1,Laptop
2023-10-08 09:18:01.774323,300,18,1.0,1.0,1,Laptop
2023-10-08 09:18:02.915413,300,18,0.89,1.0,1,Laptop
2023-10-08 09:18:04.046200,300,18,1.0,1.0,1,Laptop
2023-10-08 09:18:05.168287,300,18,1.0,1.0,1,Laptop
2023-10-08 09:18:06.081716,300,18,0.89,1.0,1,Laptop
2023-10-08 09:18:07.215236,300,18,0.94,0.94,1,Laptop
2023-10-08 09:18:08.318675,300,18,1.0,1.0,1,Laptop
2023-10-08 09:18:09.258817,300,18,1.0,1.0,1,Laptop
2023-10-08 09:18:10.386921,300,18,1.0,1.0,1,Laptop
2023-10-08 09:18:11.260853,300,18,1.0,1.0,1,Laptop
2023-10-08 09:18:12.380028,300,18,0.89,1.0,1,Laptop
2023-10-08 09:18:13.478795,300,18,1.0,1.0,1,Laptop
2023-10-08 09:18:14.575467,300,18,1.0,1.0,1,Laptop
2023-10-08 09:18:15.688713,300,18,1.0,1.0,1,Laptop
2023-10-08 09:18:16.864575,300,18,1.0,0.94,1,Laptop
2023-10-08 09:18:17.852115,300,18,0.94,1.0,1,Laptop
2023-10-08 09:18:18.779658,300,18,1.0,1.0,1,Laptop
2023-10-08 09:18:20.030104,300,18,1.0,0.94,1,Laptop
2023-10-08 09:18:20.997452,300,18,1.0,1.0,1,Laptop
2023-10-08 09:18:22.158536,300,18,1.0,0.94,1,Laptop
2023-10-08 09:18:23.062073,300,18,1.0,1.0,1,Laptop
2023-10-08 09:18:24.148105,300,18,1.0,1.0,1,Laptop
2023-10-08 09:18:25.278422,300,18,0.94,1.0,1,Laptop
2023-10-08 09:18:26.248583,300,18,1.0,1.0,1,Laptop
2023-10-08 09:18:27.357326,300,18,1.0,1.0,1,Laptop
2023-10-08 09:18:28.229288,300,18,1.0,1.0,1,Laptop
2023-10-08 09:18:29.354099,300,18,0.94,1.0,1,Laptop
2023-10-08 09:18:30.480369,300,18,0.94,0.94,1,Laptop
2023-10-08 09:18:31.558812,300,18,1.0,1.0,1,Laptop
2023-10-08 09:18:32.432135,300,18,1.0,0.94,1,Laptop
2023-10-08 09:18:33.509444,300,18,1.0,1.0,1,Laptop
2023-10-08 09:18:34.732071,300,18,1.0,0.94,1,Laptop
2023-10-08 09:18:35.823034,300,18,1.0,1.0,1,Laptop
2023-10-08 09:18:36.788857,300,18,0.94,1.0,1,Laptop
2023-10-08 09:18:37.895709,300,18,1.0,0.94,1,Laptop
2023-10-08 09:18:39.001151,300,18,1.0,1.0,1,Laptop
2023-10-08 09:18:39.964626,300,18,0.94,1.0,1,Laptop
2023-10-08 09:18:41.115620,300,18,1.0,0.94,1,Laptop
2023-10-08 09:18:42.192260,300,18,1.0,1.0,1,Laptop
2023-10-08 09:18:43.414463,300,18,1.0,0.94,1,Laptop
2023-10-08 09:18:44.375311,300,18,0.89,0.94,1,Laptop
2023-10-08 09:18:45.544933,300,18,1.0,1.0,1,Laptop
2023-10-08 09:18:46.456082,300,18,1.0,1.0,1,Laptop
2023-10-08 09:18:47.589477,300,18,0.89,1.0,1,Laptop
2023-10-08 09:18:48.716029,300,18,1.0,1.0,1,Laptop
2023-10-08 09:18:49.632556,300,18,1.0,1.0,1,Laptop
2023-10-08 09:18:50.719852,300,18,1.0,1.0,1,Laptop
2023-10-08 09:18:51.857348,300,18,0.94,1.0,1,Laptop
2023-10-08 09:18:52.786716,300,18,0.94,0.94,1,Laptop
2023-10-08 09:18:53.946228,300,18,0.89,1.0,1,Laptop
2023-10-08 09:18:54.817481,300,18,1.0,1.0,1,Laptop
2023-10-08 09:18:55.887462,300,18,1.0,1.0,1,Laptop
2023-10-08 09:18:57.018143,300,18,0.94,1.0,1,Laptop
2023-10-08 09:18:58.111673,300,18,1.0,1.0,1,Laptop
2023-10-08 09:18:59.191727,300,18,1.0,1.0,1,Laptop
2023-10-08 09:19:00.331922,300,18,0.89,1.0,1,Laptop
2023-10-08 09:19:01.241214,300,18,1.0,1.0,1,Laptop
2023-10-08 09:19:02.421565,240,22,0.95,1.0,1,Laptop
2023-10-08 09:19:03.396665,240,22,1.0,0.95,1,Laptop
2023-10-08 09:19:04.566323,240,22,1.0,0.95,1,Laptop
2023-10-08 09:19:05.533016,240,22,1.0,0.95,1,Laptop
2023-10-08 09:19:06.710353,240,22,1.0,0.95,1,Laptop
2023-10-08 09:19:07.681592,240,22,1.0,0.95,1,Laptop
2023-10-08 09:19:08.807722,240,22,1.0,0.95,1,Laptop
2023-10-08 09:19:09.731880,240,22,1.0,1.0,1,Laptop
2023-10-08 09:19:10.831112,240,22,1.0,1.0,1,Laptop
2023-10-08 09:19:12.005896,240,22,1.0,0.95,1,Laptop
2023-10-08 09:19:12.962094,240,22,1.0,0.91,1,Laptop
2023-10-08 09:19:14.139022,240,22,1.0,0.91,1,Laptop
2023-10-08 09:19:15.328917,240,22,0.82,1.0,1,Laptop
2023-10-08 09:19:16.297869,240,22,1.0,0.91,1,Laptop
2023-10-08 09:19:17.226690,240,22,0.95,0.95,1,Laptop
2023-10-08 09:19:18.348151,240,22,1.0,1.0,1,Laptop
2023-10-08 09:19:19.472663,240,22,0.95,1.0,1,Laptop
2023-10-08 09:19:20.392219,240,22,1.0,1.0,1,Laptop
2023-10-08 09:19:21.538446,240,22,0.82,1.0,1,Laptop
2023-10-08 09:19:22.614228,240,22,1.0,0.95,1,Laptop
2023-10-08 09:19:23.694343,240,22,1.0,1.0,1,Laptop
2023-10-08 09:19:24.794828,240,22,1.0,1.0,2,Laptop
2023-10-08 09:19:25.964015,240,22,1.0,0.95,2,Laptop
2023-10-08 09:19:26.923135,120,22,0.09,1.0,2,Laptop
2023-10-08 09:19:27.810325,240,22,1.0,1.0,2,Laptop
2023-10-08 09:19:28.928997,240,22,1.0,1.0,2,Laptop
2023-10-08 09:19:30.130377,240,22,1.0,0.95,2,Laptop
2023-10-08 09:19:31.305191,240,22,1.0,0.91,2,Laptop
2023-10-08 09:19:32.254755,240,22,0.82,0.91,2,Laptop
2023-10-08 09:19:33.449408,240,22,1.0,0.95,2,Laptop
2023-10-08 09:19:34.585784,240,22,0.95,0.91,2,Laptop
2023-10-08 09:19:35.766419,240,22,1.0,0.95,2,Laptop
2023-10-08 09:19:36.763345,240,22,1.0,0.91,2,Laptop
2023-10-08 09:19:37.938879,240,22,0.82,0.95,2,Laptop
2023-10-08 09:19:38.923693,240,22,0.95,0.95,2,Laptop
2023-10-08 09:19:40.046600,240,22,1.0,0.95,2,Laptop
2023-10-08 09:19:41.235092,240,22,0.95,0.95,2,Laptop
2023-10-08 09:19:42.158618,240,22,1.0,0.95,2,Laptop
2023-10-08 09:19:43.285917,240,22,1.0,0.95,2,Laptop
2023-10-08 09:19:44.448707,240,22,0.95,0.95,2,Laptop
2023-10-08 09:19:45.551868,240,22,1.0,0.95,2,Laptop
2023-10-08 09:19:46.655584,240,22,1.0,0.95,2,Laptop
2023-10-08 09:19:47.585034,240,22,1.0,0.95,2,Laptop
2023-10-08 09:19:48.718156,240,22,1.0,0.95,2,Laptop
2023-10-08 09:19:49.941153,240,22,0.95,0.95,2,Laptop
2023-10-08 09:19:50.895215,240,22,0.82,0.95,2,Laptop
2023-10-08 09:19:52.052918,240,22,0.82,0.95,2,Laptop
2023-10-08 09:19:53.155162,360,18,1.0,0.94,2,Laptop
2023-10-08 09:19:54.297187,360,18,1.0,1.0,2,Laptop
2023-10-08 09:19:55.487778,360,18,1.0,1.0,2,Laptop
2023-10-08 09:19:56.698330,360,18,1.0,0.89,2,Laptop
2023-10-08 09:19:57.827145,360,18,1.0,0.94,2,Laptop
2023-10-08 09:19:58.943763,360,18,1.0,0.94,2,Laptop
2023-10-08 09:19:59.887212,360,18,0.89,0.94,2,Laptop
2023-10-08 09:20:00.995203,360,18,1.0,1.0,2,Laptop
2023-10-08 09:20:02.153472,360,18,0.89,1.0,2,Laptop
2023-10-08 09:20:03.225576,360,18,1.0,0.94,2,Laptop
2023-10-08 09:20:04.358056,240,22,0.82,1.0,2,Laptop
2023-10-08 09:20:05.300137,240,22,0.82,1.0,2,Laptop
2023-10-08 09:20:06.400701,360,18,1.0,1.0,2,Laptop
2023-10-08 09:20:07.509490,360,18,1.0,0.94,2,Laptop
2023-10-08 09:20:08.384442,360,18,1.0,1.0,2,Laptop
2023-10-08 09:20:09.590887,360,18,1.0,1.0,2,Laptop
2023-10-08 09:20:11.164753,360,18,1.0,0.94,2,Laptop
2023-10-08 09:20:12.131267,360,18,0.89,0.89,2,Laptop
2023-10-08 09:20:13.243685,360,18,1.0,1.0,2,Laptop
2023-10-08 09:20:14.437230,240,22,1.0,0.95,2,Laptop
2023-10-08 09:20:15.408829,240,22,1.0,0.95,2,Laptop
2023-10-08 09:20:16.589517,240,22,1.0,0.95,2,Laptop
2023-10-08 09:20:17.945191,240,22,1.0,0.95,2,Laptop
2023-10-08 09:20:18.939425,240,22,1.0,0.86,2,Laptop
2023-10-08 09:20:20.060308,240,22,1.0,0.95,2,Laptop
2023-10-08 09:20:21.261768,240,22,1.0,0.95,2,Laptop
2023-10-08 09:20:22.440039,240,22,1.0,0.91,2,Laptop
2023-10-08 09:20:23.350975,240,22,1.0,0.95,2,Laptop
2023-10-08 09:20:24.432325,240,22,1.0,0.95,2,Laptop
2023-10-08 09:20:25.563317,240,22,1.0,1.0,2,Laptop
2023-10-08 09:20:26.780699,240,22,0.95,0.95,2,Laptop
2023-10-08 09:20:27.982752,240,22,0.95,0.95,2,Laptop
2023-10-08 09:20:28.954055,240,22,1.0,0.91,2,Laptop
2023-10-08 09:20:30.135815,240,22,0.82,0.95,2,Laptop
2023-10-08 09:20:31.075526,240,22,1.0,0.91,2,Laptop
2023-10-08 09:20:32.200947,360,18,1.0,0.94,2,Laptop
2023-10-08 09:20:33.304580,360,18,1.0,0.94,2,Laptop
2023-10-08 09:20:34.187932,360,18,1.0,0.94,2,Laptop
2023-10-08 09:20:35.298156,360,18,1.0,1.0,2,Laptop
2023-10-08 09:20:36.370235,360,18,1.0,0.94,2,Laptop
2023-10-08 09:20:37.458945,360,18,1.0,1.0,2,Laptop
2023-10-08 09:20:38.556182,360,18,1.0,0.94,2,Laptop
2023-10-08 09:20:39.631996,360,18,1.0,1.0,2,Laptop
2023-10-08 09:20:40.783194,360,18,0.89,1.0,2,Laptop
2023-10-08 09:20:41.894184,360,18,1.0,1.0,2,Laptop
2023-10-08 09:20:42.776841,360,18,1.0,1.0,2,Laptop
2023-10-08 09:20:43.852685,360,18,1.0,1.0,2,Laptop
2023-10-08 09:20:44.986587,360,18,1.0,1.0,2,Laptop
2023-10-08 09:20:46.155457,360,18,0.89,0.94,2,Laptop
2023-10-08 09:20:47.327433,360,18,1.0,0.94,2,Laptop
2023-10-08 09:20:48.287040,240,22,0.95,0.95,2,Laptop
2023-10-08 09:20:49.445057,360,18,1.0,1.0,2,Laptop
2023-10-08 09:20:50.624753,360,18,1.0,0.94,2,Laptop
2023-10-08 09:20:51.610647,360,18,1.0,0.94,2,Laptop
2023-10-08 09:20:52.818192,360,18,1.0,0.94,2,Laptop
2023-10-08 09:20:53.714250,360,18,1.0,0.94,2,Laptop
2023-10-08 09:20:54.937454,360,18,0.89,0.94,2,Laptop
2023-10-08 09:20:56.042031,360,18,1.0,0.94,2,Laptop
2023-10-08 09:20:57.189899,240,22,1.0,1.0,2,Laptop
2023-10-08 09:20:58.140928,240,22,1.0,1.0,2,Laptop
2023-10-08 09:20:59.315792,240,22,1.0,0.95,2,Laptop
2023-10-08 09:21:00.489373,240,22,1.0,0.91,2,Laptop
2023-10-08 09:21:01.779777,240,22,1.0,0.95,2,Laptop
2023-10-08 09:21:03.006241,240,22,0.95,0.86,2,Laptop
2023-10-08 09:21:03.981320,240,22,1.0,0.95,2,Laptop
2023-10-08 09:21:05.159667,240,22,0.82,0.95,2,Laptop
2023-10-08 09:21:06.128391,240,22,1.0,0.91,2,Laptop
2023-10-08 09:21:07.263615,360,18,1.0,0.94,2,Laptop
2023-10-08 09:21:08.394466,240,22,1.0,0.95,2,Laptop
2023-10-08 09:21:09.596484,240,22,0.95,0.95,2,Laptop
2023-10-08 09:21:10.513603,240,22,1.0,0.95,2,Laptop
2023-10-08 09:21:11.677623,240,22,0.82,0.95,2,Laptop
2023-10-08 09:21:12.766023,240,22,1.0,0.95,2,Laptop
2023-10-08 09:21:13.900656,360,18,1.0,0.94,2,Laptop
2023-10-08 09:21:15.101358,360,18,0.94,0.94,3,Laptop
2023-10-08 09:21:16.153188,360,18,1.0,0.94,3,Laptop
2023-10-08 09:21:17.165477,300,22,0.95,0.95,3,Laptop
2023-10-08 09:21:18.313909,300,22,1.0,1.0,3,Laptop
2023-10-08 09:21:25.451577,300,22,0.87,0.91,3,Laptop
2023-10-08 09:21:31.432902,300,22,1.0,0.95,3,Laptop
2023-10-08 09:21:37.029936,360,22,1.0,1.0,3,Laptop
2023-10-08 09:21:42.551707,360,22,1.0,0.95,3,Laptop
2023-10-08 09:21:42.834905,360,18,0.94,0.89,3,Laptop
2023-10-08 09:21:43.296950,360,18,0.94,0.89,3,Laptop
2023-10-08 09:21:44.475116,360,18,1.0,0.94,3,Laptop
2023-10-08 09:21:45.404173,360,18,1.0,0.94,3,Laptop
2023-10-08 09:21:46.565041,360,18,1.0,1.0,3,Laptop
2023-10-08 09:21:47.710213,360,18,1.0,1.0,3,Laptop
2023-10-08 09:21:48.864384,360,18,1.0,1.0,3,Laptop
2023-10-08 09:21:49.815641,360,18,1.0,0.94,3,Laptop
2023-10-08 09:21:50.981066,360,18,1.0,0.94,3,Laptop
2023-10-08 09:21:52.149864,360,18,1.0,0.94,3,Laptop
2023-10-08 09:21:53.221696,360,18,0.94,1.0,3,Laptop
2023-10-08 09:21:54.367966,360,18,1.0,1.0,3,Laptop
2023-10-08 09:21:55.306952,360,18,1.0,1.0,3,Laptop
2023-10-08 09:21:56.562737,360,18,1.0,0.94,3,Laptop
2023-10-08 09:21:57.573724,360,18,1.0,0.89,3,Laptop
2023-10-08 09:21:58.814810,360,18,0.94,0.94,3,Laptop
2023-10-08 09:21:59.751704,360,18,1.0,0.94,3,Laptop
2023-10-08 09:22:00.936964,360,18,1.0,1.0,3,Laptop
2023-10-08 09:22:02.099331,360,18,1.0,1.0,3,Laptop
2023-10-08 09:22:03.289569,360,18,1.0,1.0,3,Laptop
2023-10-08 09:22:04.640278,360,18,1.0,0.94,3,Laptop
2023-10-08 09:22:05.749635,360,18,0.94,0.89,3,Laptop
2023-10-08 09:22:07.061134,360,18,1.0,0.94,3,Laptop
2023-10-08 09:22:08.101910,360,18,1.0,1.0,3,Laptop
2023-10-08 09:22:09.363765,360,18,1.0,0.94,3,Laptop
2023-10-08 09:22:10.460772,360,18,0.94,1.0,3,Laptop
2023-10-08 09:22:11.419626,360,18,1.0,0.94,3,Laptop
2023-10-08 09:22:12.545651,360,18,1.0,0.94,3,Laptop
2023-10-08 09:22:13.479397,360,18,1.0,1.0,3,Laptop
2023-10-08 09:22:14.642452,360,18,1.0,0.94,3,Laptop
2023-10-08 09:22:15.906876,360,18,1.0,1.0,3,Laptop
2023-10-08 09:22:17.029351,360,18,0.94,0.94,3,Laptop
2023-10-08 09:22:18.071319,360,18,1.0,0.94,3,Laptop
2023-10-08 09:22:19.320803,360,18,0.94,1.0,3,Laptop
2023-10-08 09:22:20.397756,360,18,1.0,0.89,3,Laptop
2023-10-08 09:22:21.402814,360,18,1.0,1.0,3,Laptop
2023-10-08 09:22:22.631521,360,18,1.0,0.94,3,Laptop
2023-10-08 09:22:23.595191,360,18,0.94,1.0,3,Laptop
2023-10-08 09:22:24.883973,360,18,0.94,0.94,3,Laptop
2023-10-08 09:22:25.905068,360,18,1.0,0.94,3,Laptop
2023-10-08 09:22:27.129246,360,18,0.94,0.94,3,Laptop
2023-10-08 09:22:28.169590,360,18,1.0,0.94,3,Laptop
2023-10-08 09:22:29.310140,360,18,1.0,0.94,3,Laptop
2023-10-08 09:22:30.480234,360,18,1.0,1.0,3,Laptop
2023-10-08 09:22:31.764155,360,18,1.0,0.94,3,Laptop
2023-10-08 09:22:32.751853,360,18,1.0,0.94,3,Laptop
2023-10-08 09:22:33.974661,360,18,1.0,1.0,3,Laptop
2023-10-08 09:22:34.918618,360,18,1.0,1.0,3,Laptop
2023-10-08 09:22:36.258394,360,18,1.0,1.0,3,Laptop
2023-10-08 09:22:37.453582,360,18,1.0,1.0,3,Laptop
2023-10-08 09:22:38.700951,360,18,1.0,0.94,3,Laptop
2023-10-08 09:22:39.745220,360,18,1.0,0.94,3,Laptop
2023-10-08 09:22:40.855401,360,18,0.94,1.0,3,Laptop
2023-10-08 09:22:42.111419,360,18,1.0,0.94,3,Laptop
2023-10-08 09:22:43.272412,360,18,1.0,1.0,3,Laptop
2023-10-08 09:22:44.706006,360,18,1.0,0.94,3,Laptop
2023-10-08 09:22:45.990152,360,18,0.94,0.89,3,Laptop
2023-10-08 09:22:46.976841,360,18,1.0,0.94,3,Laptop
2023-10-08 09:22:48.327392,360,18,1.0,1.0,3,Laptop
2023-10-08 09:22:49.516658,360,18,1.0,0.94,3,Laptop
2023-10-08 09:22:50.661938,360,18,1.0,1.0,3,Laptop
2023-10-08 09:22:51.863644,360,18,1.0,1.0,3,Laptop
2023-10-08 09:22:53.397015,360,18,1.0,0.94,3,Laptop
2023-10-08 09:22:54.435178,360,18,1.0,0.89,3,Laptop
2023-10-08 09:22:55.407576,360,18,1.0,0.94,3,Laptop
2023-10-08 09:22:56.636128,360,18,0.94,1.0,3,Laptop
2023-10-08 09:22:57.682959,360,18,1.0,0.94,3,Laptop
2023-10-08 09:22:58.934315,360,18,1.0,0.94,3,Laptop
2023-10-08 09:23:00.522356,360,18,1.0,0.94,3,Laptop
2023-10-08 09:23:01.663125,360,18,0.94,0.89,3,Laptop
2023-10-08 09:23:03.009964,360,18,1.0,0.94,3,Laptop
2023-10-08 09:23:04.073146,360,18,1.0,0.94,3,Laptop
2023-10-08 09:23:05.116899,360,18,1.0,0.89,3,Laptop
2023-10-08 09:23:06.297109,360,18,1.0,1.0,3,Laptop
2023-10-08 09:23:07.235774,360,18,0.94,1.0,3,Laptop
2023-10-08 09:23:08.499697,360,18,1.0,0.94,3,Laptop
2023-10-08 09:23:09.555015,360,18,1.0,0.94,3,Laptop
2023-10-08 09:23:10.749873,360,18,1.0,1.0,3,Laptop
2023-10-08 09:23:11.857428,360,18,1.0,0.94,3,Laptop
2023-10-08 09:23:12.907845,360,18,0.94,0.89,3,Laptop
2023-10-08 09:23:14.165807,360,18,1.0,0.94,3,Laptop
2023-10-08 09:23:15.101767,360,18,1.0,0.94,3,Laptop
2023-10-08 09:23:16.346037,360,18,1.0,0.94,3,Laptop
2023-10-08 09:23:17.434638,360,18,1.0,0.89,3,Laptop
2023-10-08 09:23:18.706066,360,18,1.0,0.94,3,Laptop
2023-10-08 09:23:19.690931,360,18,1.0,1.0,3,Laptop
2023-10-08 09:23:21.444549,360,18,1.0,0.94,3,Laptop
2023-10-08 09:23:22.615298,360,18,1.0,0.72,3,Laptop
2023-10-08 09:23:23.720796,360,18,1.0,0.89,3,Laptop
2023-10-08 09:23:24.954524,360,18,1.0,0.89,3,Laptop
2023-10-08 09:23:25.905250,360,18,1.0,1.0,3,Laptop
2023-10-08 09:23:27.029395,360,18,1.0,0.94,3,Laptop
2023-10-08 09:23:28.250427,360,18,0.94,0.94,4,Laptop
2023-10-08 09:23:29.336632,360,18,1.0,0.94,4,Laptop
2023-10-08 09:23:30.373516,120,30,0.02,0.97,4,Laptop
2023-10-08 09:23:31.533194,360,18,1.0,1.0,4,Laptop
2023-10-08 09:23:32.916586,240,22,1.0,1.0,4,Laptop
2023-10-08 09:23:34.050314,240,22,1.0,0.86,4,Laptop
2023-10-08 09:23:35.367025,360,22,0.95,0.91,4,Laptop
2023-10-08 09:23:36.487996,360,22,1.0,0.95,4,Laptop
2023-10-08 09:23:37.534070,300,22,1.0,0.91,4,Laptop
2023-10-08 09:23:38.792418,300,22,1.0,0.95,4,Laptop
2023-10-08 09:23:39.796373,360,18,1.0,1.0,4,Laptop
2023-10-08 09:23:40.998532,360,18,0.94,0.94,4,Laptop
2023-10-08 09:23:42.171453,360,18,1.0,0.94,4,Laptop
2023-10-08 09:23:43.369990,360,18,1.0,1.0,4,Laptop
2023-10-08 09:23:44.320269,360,18,0.94,0.94,4,Laptop
2023-10-08 09:23:45.535407,360,18,0.94,0.94,4,Laptop
2023-10-08 09:23:46.727383,360,18,1.0,0.94,4,Laptop
2023-10-08 09:23:47.767278,360,18,0.94,0.94,4,Laptop
2023-10-08 09:23:48.968636,360,18,1.0,0.94,4,Laptop
2023-10-08 09:23:49.964940,360,18,1.0,1.0,4,Laptop
2023-10-08 09:23:51.153641,360,18,1.0,1.0,4,Laptop
2023-10-08 09:23:52.170740,360,18,0.94,1.0,4,Laptop
2023-10-08 09:23:53.321158,360,18,1.0,1.0,4,Laptop
2023-10-08 09:23:54.598834,360,18,1.0,0.94,4,Laptop
2023-10-08 09:23:55.678126,360,18,1.0,0.89,4,Laptop
2023-10-08 09:23:56.900111,360,18,1.0,0.89,4,Laptop
2023-10-08 09:23:57.946433,360,18,1.0,0.89,4,Laptop
2023-10-08 09:23:58.879819,360,18,1.0,0.94,4,Laptop
2023-10-08 09:24:00.071225,360,18,1.0,1.0,4,Laptop
2023-10-08 09:24:01.279639,360,18,1.0,0.94,4,Laptop
2023-10-08 09:24:02.416467,360,18,1.0,1.0,4,Laptop
2023-10-08 09:24:03.378478,360,18,1.0,1.0,4,Laptop
2023-10-08 09:24:04.570880,360,18,1.0,0.94,4,Laptop
2023-10-08 09:24:05.747582,360,18,1.0,0.94,4,Laptop
2023-10-08 09:24:07.008617,360,18,1.0,0.94,4,Laptop
2023-10-08 09:24:08.106283,360,18,0.94,0.94,4,Laptop
2023-10-08 09:24:09.198865,360,18,0.94,1.0,4,Laptop
2023-10-08 09:24:10.252212,360,18,1.0,0.89,4,Laptop
2023-10-08 09:24:11.465990,360,18,1.0,1.0,4,Laptop
2023-10-08 09:24:12.755218,360,18,0.94,0.94,4,Laptop
2023-10-08 09:24:13.863293,360,18,0.94,0.94,4,Laptop
2023-10-08 09:24:14.972185,360,18,1.0,0.89,4,Laptop
2023-10-08 09:24:15.959404,360,18,1.0,0.94,4,Laptop
2023-10-08 09:24:17.271543,360,18,0.94,0.94,4,Laptop
2023-10-08 09:24:18.262391,360,18,1.0,0.94,4,Laptop
2023-10-08 09:24:19.501613,360,18,1.0,1.0,4,Laptop
2023-10-08 09:24:20.828079,360,18,1.0,0.94,4,Laptop
2023-10-08 09:24:22.391496,360,18,1.0,0.94,4,Laptop
2023-10-08 09:24:23.655876,360,18,1.0,0.78,4,Laptop
2023-10-08 09:24:25.172011,360,18,0.94,0.94,4,Laptop
2023-10-08 09:24:26.660978,360,18,1.0,0.78,4,Laptop
2023-10-08 09:24:28.135845,360,18,1.0,0.94,4,Laptop
2023-10-08 09:24:29.404507,360,18,0.94,0.94,4,Laptop
2023-10-08 09:24:30.917054,360,18,0.94,0.89,4,Laptop
2023-10-08 09:24:32.042903,360,18,1.0,1.0,4,Laptop
2023-10-08 09:24:33.562414,360,18,1.0,0.89,4,Laptop
2023-10-08 09:24:35.054582,360,18,0.94,0.89,4,Laptop
2023-10-08 09:24:36.642389,360,18,0.94,0.78,4,Laptop
2023-10-08 09:24:37.930986,360,18,1.0,0.89,4,Laptop
2023-10-08 09:24:39.212428,360,18,0.94,0.94,4,Laptop
2023-10-08 09:24:40.575709,360,18,0.94,0.94,4,Laptop
2023-10-08 09:24:41.813324,360,18,0.94,0.94,4,Laptop
2023-10-08 09:24:42.954281,360,18,1.0,1.0,4,Laptop
2023-10-08 09:24:44.115556,360,18,1.0,0.94,4,Laptop
2023-10-08 09:24:45.394968,360,18,0.94,1.0,4,Laptop
2023-10-08 09:24:46.353276,360,18,1.0,0.94,4,Laptop
2023-10-08 09:24:47.529502,360,18,1.0,1.0,4,Laptop
2023-10-08 09:24:48.750869,360,18,1.0,0.94,4,Laptop
2023-10-08 09:24:49.824355,360,18,1.0,0.94,4,Laptop
2023-10-08 09:24:51.146256,360,18,0.94,0.89,4,Laptop
2023-10-08 09:24:52.239734,360,18,1.0,0.94,4,Laptop
2023-10-08 09:24:53.291098,360,18,1.0,0.94,4,Laptop
2023-10-08 09:24:54.485240,360,18,1.0,1.0,4,Laptop
2023-10-08 09:24:55.482096,360,18,1.0,1.0,4,Laptop
2023-10-08 09:24:56.767809,360,18,0.94,1.0,4,Laptop
2023-10-08 09:24:57.813566,360,18,0.94,0.94,4,Laptop
2023-10-08 09:24:59.142378,360,18,0.94,0.94,4,Laptop
2023-10-08 09:25:00.143295,360,18,1.0,0.94,4,Laptop
2023-10-08 09:25:01.194629,360,18,1.0,0.94,4,Laptop
2023-10-08 09:25:02.398176,360,18,1.0,1.0,4,Laptop
2023-10-08 09:25:03.388993,360,18,1.0,0.94,4,Laptop
2023-10-08 09:25:04.597888,360,18,1.0,1.0,4,Laptop
2023-10-08 09:25:05.788000,360,18,1.0,0.94,4,Laptop
2023-10-08 09:25:06.885550,360,18,1.0,0.94,4,Laptop
2023-10-08 09:25:08.218846,360,18,0.94,0.94,4,Laptop
2023-10-08 09:25:09.291726,360,18,0.94,0.89,4,Laptop
2023-10-08 09:25:10.277545,360,18,1.0,1.0,4,Laptop
2023-10-08 09:25:11.568192,360,18,1.0,0.94,4,Laptop
2023-10-08 09:25:12.656262,360,18,1.0,0.94,4,Laptop
2023-10-08 09:25:13.858803,360,18,1.0,0.94,4,Laptop
2023-10-08 09:25:14.964566,360,18,1.0,0.94,4,Laptop
2023-10-08 09:25:16.252727,360,18,1.0,0.89,4,Laptop
2023-10-08 09:25:17.218880,360,18,1.0,1.0,4,Laptop
2023-10-08 09:25:18.435838,360,18,1.0,0.94,4,Laptop
2023-10-08 09:25:19.422641,360,18,1.0,0.94,4,Laptop
2023-10-08 09:25:20.669729,360,18,1.0,0.94,4,Laptop
2023-10-08 09:25:21.644942,360,18,1.0,0.94,4,Laptop
2023-10-08 09:25:22.813427,360,18,1.0,1.0,4,Laptop
2023-10-08 09:25:24.100543,360,18,0.94,1.0,4,Laptop
2023-10-08 09:25:25.111787,360,18,1.0,0.94,4,Laptop
2023-10-08 09:25:26.380042,360,18,1.0,0.94,5,Laptop
2023-10-08 09:25:27.658692,360,18,1.0,0.94,5,Laptop
2023-10-08 09:25:28.800331,180,30,1.0,0.9,5,Laptop
2023-10-08 09:25:29.887069,360,18,0.94,0.94,5,Laptop
2023-10-08 09:25:31.179515,240,22,1.0,0.91,5,Laptop
2023-10-08 09:25:32.322304,240,22,1.0,0.95,5,Laptop
2023-10-08 09:25:33.541388,360,18,1.0,0.94,5,Laptop
2023-10-08 09:25:34.562134,360,18,1.0,1.0,5,Laptop
2023-10-08 09:25:35.779700,360,18,1.0,0.89,5,Laptop
2023-10-08 09:25:36.998390,360,18,1.0,0.94,5,Laptop
2023-10-08 09:25:37.991096,360,18,0.94,1.0,5,Laptop
2023-10-08 09:25:39.182689,360,18,1.0,1.0,5,Laptop
2023-10-08 09:25:40.443676,360,18,1.0,0.94,5,Laptop
2023-10-08 09:25:41.471486,360,18,1.0,1.0,5,Laptop
2023-10-08 09:25:42.792567,360,18,1.0,0.94,5,Laptop
2023-10-08 09:25:43.788854,360,18,1.0,1.0,5,Laptop
2023-10-08 09:25:44.993321,360,18,1.0,1.0,5,Laptop
2023-10-08 09:25:45.936800,300,14,1.0,1.0,5,Laptop
2023-10-08 09:25:47.193968,300,14,0.73,1.0,5,Laptop
2023-10-08 09:25:48.728010,240,18,1.0,0.94,5,Laptop
2023-10-08 09:25:49.821228,360,18,0.94,1.0,5,Laptop
2023-10-08 09:25:51.541039,240,14,1.0,0.86,5,Laptop
2023-10-08 09:25:52.407395,240,14,0.93,0.86,5,Laptop
2023-10-08 09:25:53.977508,240,18,0.94,0.89,5,Laptop
2023-10-08 09:25:55.403143,240,18,1.0,0.94,5,Laptop
2023-10-08 09:25:56.998853,240,18,1.0,0.78,5,Laptop
2023-10-08 09:25:58.573829,240,18,1.0,0.78,5,Laptop
2023-10-08 09:25:59.780795,240,18,1.0,0.94,5,Laptop
2023-10-08 09:26:01.296339,240,18,0.94,0.94,5,Laptop
2023-10-08 09:26:02.357419,240,18,1.0,0.89,5,Laptop
2023-10-08 09:26:03.829807,240,18,0.94,1.0,5,Laptop
2023-10-08 09:26:05.404249,240,18,1.0,0.78,5,Laptop
2023-10-08 09:26:06.797998,240,18,1.0,0.94,5,Laptop
2023-10-08 09:26:08.386741,240,18,0.94,0.89,5,Laptop
2023-10-08 09:26:09.692447,240,18,0.84,0.94,5,Laptop
2023-10-08 09:26:11.076284,240,18,1.0,0.94,5,Laptop
2023-10-08 09:26:12.389321,240,18,1.0,0.83,5,Laptop
2023-10-08 09:26:13.804598,240,18,1.0,0.89,5,Laptop
2023-10-08 09:26:15.173001,240,18,0.94,1.0,5,Laptop
2023-10-08 09:26:16.707665,240,18,1.0,0.83,5,Laptop
2023-10-08 09:26:18.048015,240,18,1.0,0.83,5,Laptop
2023-10-08 09:26:19.263345,240,18,1.0,0.89,5,Laptop
2023-10-08 09:26:20.438472,240,18,1.0,1.0,5,Laptop
2023-10-08 09:26:21.462014,240,18,1.0,1.0,5,Laptop
2023-10-08 09:26:22.657283,240,18,1.0,0.94,5,Laptop
2023-10-08 09:26:23.933735,240,18,1.0,0.94,5,Laptop
2023-10-08 09:26:25.016923,240,18,1.0,0.89,5,Laptop
2023-10-08 09:26:26.032332,240,18,1.0,1.0,5,Laptop
2023-10-08 09:26:27.303595,240,18,0.94,0.94,5,Laptop
2023-10-08 09:26:28.447827,240,18,0.94,0.94,5,Laptop
2023-10-08 09:26:29.617216,240,18,0.94,0.94,5,Laptop
2023-10-08 09:26:30.701558,240,18,0.94,0.94,5,Laptop
2023-10-08 09:26:31.962565,240,18,1.0,0.94,5,Laptop
2023-10-08 09:26:32.980590,240,18,1.0,1.0,5,Laptop
2023-10-08 09:26:34.033148,240,18,1.0,1.0,5,Laptop
2023-10-08 09:26:35.245000,240,18,1.0,0.94,5,Laptop
2023-10-08 09:26:36.349876,240,18,0.84,1.0,5,Laptop
2023-10-08 09:26:37.394513,240,18,1.0,0.94,5,Laptop
2023-10-08 09:26:38.784034,240,18,0.84,1.0,5,Laptop
2023-10-08 09:26:39.920859,240,18,1.0,0.89,5,Laptop
2023-10-08 09:26:41.064659,240,18,0.94,1.0,5,Laptop
2023-10-08 09:26:42.385535,240,18,0.84,0.89,5,Laptop
2023-10-08 09:26:43.412257,240,18,1.0,1.0,5,Laptop
2023-10-08 09:26:44.406338,240,18,1.0,0.94,5,Laptop
2023-10-08 09:26:45.632093,240,18,1.0,0.94,5,Laptop
2023-10-08 09:26:46.818960,240,18,1.0,0.94,5,Laptop
2023-10-08 09:26:47.805596,240,18,1.0,1.0,5,Laptop
2023-10-08 09:26:49.015570,240,18,1.0,1.0,5,Laptop
2023-10-08 09:26:50.317584,240,18,0.84,0.94,5,Laptop
2023-10-08 09:26:51.315171,240,18,1.0,1.0,5,Laptop
2023-10-08 09:26:52.621070,240,18,0.94,1.0,5,Laptop
2023-10-08 09:26:53.723630,240,18,1.0,0.94,5,Laptop
2023-10-08 09:26:54.821062,240,18,1.0,0.94,5,Laptop
2023-10-08 09:26:55.918514,240,18,1.0,0.94,5,Laptop
2023-10-08 09:26:57.048945,240,18,1.0,0.89,5,Laptop
2023-10-08 09:26:58.114551,240,18,0.84,0.94,5,Laptop
2023-10-08 09:26:59.293634,240,18,1.0,1.0,5,Laptop
2023-10-08 09:27:00.555292,240,18,0.94,1.0,5,Laptop
2023-10-08 09:27:01.547542,240,18,1.0,1.0,5,Laptop
2023-10-08 09:27:02.736709,240,18,1.0,1.0,5,Laptop
2023-10-08 09:27:03.693125,240,18,1.0,1.0,5,Laptop
2023-10-08 09:27:05.003332,240,18,0.94,1.0,5,Laptop
2023-10-08 09:27:06.092624,240,18,0.94,0.94,5,Laptop
2023-10-08 09:27:07.258791,240,18,1.0,0.94,5,Laptop
2023-10-08 09:27:08.556022,240,18,1.0,0.78,5,Laptop
2023-10-08 09:27:09.572333,240,18,1.0,1.0,5,Laptop
2023-10-08 09:27:10.728021,240,18,1.0,0.94,5,Laptop
2023-10-08 09:27:11.846852,240,18,0.94,0.89,5,Laptop
2023-10-08 09:27:13.154959,240,18,1.0,0.94,5,Laptop
2023-10-08 09:27:14.251836,240,18,0.84,1.0,5,Laptop
2023-10-08 09:27:15.275380,240,18,1.0,0.94,5,Laptop
2023-10-08 09:27:16.752985,360,14,1.0,1.0,5,Laptop
2023-10-08 09:27:17.574098,360,14,1.0,1.0,5,Laptop
2023-10-08 09:27:18.569081,360,18,1.0,1.0,5,Laptop
2023-10-08 09:27:19.769350,360,18,1.0,1.0,5,Laptop
2023-10-08 09:27:21.015880,360,18,1.0,0.94,5,Laptop
2023-10-08 09:27:22.097500,360,18,1.0,0.94,5,Laptop
2023-10-08 09:27:23.314708,360,18,1.0,1.0,5,Laptop
2023-10-08 09:27:24.404840,360,18,0.94,1.0,5,Laptop
2023-10-08 09:27:25.444762,360,18,0.94,0.94,5,Laptop
2023-10-08 09:27:26.738813,360,18,1.0,0.94,6,Laptop
2023-10-08 09:27:28.047446,360,18,0.94,1.0,6,Laptop
2023-10-08 09:27:29.228599,180,14,0.55,1.0,6,Laptop
2023-10-08 09:27:30.167287,360,18,1.0,1.0,6,Laptop
2023-10-08 09:27:31.529825,360,18,1.0,0.94,6,Laptop
2023-10-08 09:27:32.661103,360,22,1.0,0.91,6,Laptop
2023-10-08 09:27:33.988386,360,22,1.0,0.91,6,Laptop
2023-10-08 09:27:35.509413,360,22,1.0,0.95,6,Laptop
2023-10-08 09:27:37.330351,360,22,1.0,0.91,6,Laptop
2023-10-08 09:27:39.113737,360,22,1.0,0.82,6,Laptop
2023-10-08 09:27:40.646425,360,22,1.0,0.86,6,Laptop
2023-10-08 09:27:42.281881,360,22,1.0,0.86,6,Laptop
2023-10-08 09:27:44.014827,360,22,1.0,0.86,6,Laptop
2023-10-08 09:27:45.764961,360,22,1.0,0.82,6,Laptop
2023-10-08 09:27:47.540817,360,22,1.0,0.82,6,Laptop
2023-10-08 09:27:49.147401,360,22,1.0,0.95,6,Laptop
2023-10-08 09:27:50.979231,360,22,1.0,0.91,6,Laptop
2023-10-08 09:27:53.286453,360,22,0.95,0.82,6,Laptop
2023-10-08 09:27:55.232857,360,22,1.0,0.68,6,Laptop
2023-10-08 09:27:57.239261,360,22,1.0,0.86,6,Laptop
2023-10-08 09:27:59.055773,360,22,0.95,0.82,6,Laptop
2023-10-08 09:28:01.013390,360,22,0.95,0.77,6,Laptop
2023-10-08 09:28:03.138320,360,22,0.95,0.86,6,Laptop
2023-10-08 09:28:04.858465,360,18,1.0,0.89,6,Laptop
2023-10-08 09:28:06.380071,360,18,1.0,0.83,6,Laptop
2023-10-08 09:28:07.726191,360,18,1.0,0.89,6,Laptop
2023-10-08 09:28:09.195348,360,18,1.0,0.89,6,Laptop
2023-10-08 09:28:10.634278,360,18,1.0,0.94,6,Laptop
2023-10-08 09:28:11.968216,360,18,1.0,0.94,6,Laptop
2023-10-08 09:28:13.499659,360,18,1.0,1.0,6,Laptop
2023-10-08 09:28:14.813753,360,18,1.0,0.94,6,Laptop
2023-10-08 09:28:16.354467,360,18,1.0,0.89,6,Laptop
2023-10-08 09:28:17.746833,360,18,1.0,1.0,6,Laptop
2023-10-08 09:28:19.152775,360,18,1.0,0.94,6,Laptop
2023-10-08 09:28:20.693539,360,18,1.0,0.89,6,Laptop
2023-10-08 09:28:22.033305,360,18,1.0,0.94,6,Laptop
2023-10-08 09:28:23.418882,360,18,1.0,1.0,6,Laptop
2023-10-08 09:28:24.707187,360,18,1.0,0.94,6,Laptop
2023-10-08 09:28:26.071659,360,18,1.0,0.94,6,Laptop
2023-10-08 09:28:27.478947,360,18,1.0,0.94,6,Laptop
2023-10-08 09:28:28.836920,360,18,1.0,1.0,6,Laptop
2023-10-08 09:28:30.200087,360,18,1.0,0.94,6,Laptop
2023-10-08 09:28:31.591750,360,18,1.0,1.0,6,Laptop
2023-10-08 09:28:33.044631,360,18,1.0,0.89,6,Laptop
2023-10-08 09:28:34.557158,360,18,1.0,0.89,6,Laptop
2023-10-08 09:28:36.109061,360,18,0.94,0.94,6,Laptop
2023-10-08 09:28:37.677705,360,18,1.0,0.83,6,Laptop
2023-10-08 09:28:39.097454,360,18,1.0,0.94,6,Laptop
2023-10-08 09:28:40.734784,360,18,1.0,0.83,6,Laptop
2023-10-08 09:28:42.079974,360,18,1.0,0.83,6,Laptop
2023-10-08 09:28:43.664751,360,18,1.0,0.83,6,Laptop
2023-10-08 09:28:45.064735,360,18,1.0,0.94,6,Laptop
2023-10-08 09:28:46.491435,360,18,1.0,0.89,6,Laptop
2023-10-08 09:28:47.910632,360,18,1.0,0.89,6,Laptop
2023-10-08 09:28:49.461382,360,18,0.94,0.89,6,Laptop
2023-10-08 09:28:50.880509,360,18,1.0,0.89,6,Laptop
2023-10-08 09:28:52.612415,360,22,0.95,0.91,6,Laptop
2023-10-08 09:28:54.093407,360,22,1.0,0.82,6,Laptop
2023-10-08 09:28:55.669975,360,18,1.0,0.83,6,Laptop
2023-10-08 09:28:57.253098,360,18,1.0,0.89,6,Laptop
2023-10-08 09:28:59.188112,360,18,1.0,0.83,6,Laptop
2023-10-08 09:29:01.025202,360,18,1.0,0.72,6,Laptop
2023-10-08 09:29:02.240854,360,18,1.0,0.83,6,Laptop
2023-10-08 09:29:03.654115,360,18,1.0,0.89,6,Laptop
2023-10-08 09:29:04.976219,360,18,1.0,0.89,6,Laptop
2023-10-08 09:29:06.359392,360,18,1.0,1.0,6,Laptop
2023-10-08 09:29:07.746906,360,18,1.0,0.94,6,Laptop
2023-10-08 09:29:09.081006,360,18,1.0,1.0,6,Laptop
2023-10-08 09:29:10.398101,360,18,1.0,0.94,6,Laptop
2023-10-08 09:29:11.753419,360,18,1.0,0.94,6,Laptop
2023-10-08 09:29:13.257390,360,18,0.94,0.89,6,Laptop
2023-10-08 09:29:14.830050,360,18,1.0,0.89,6,Laptop
2023-10-08 09:29:16.690391,360,22,1.0,0.91,6,Laptop
2023-10-08 09:29:18.432693,360,22,1.0,0.86,6,Laptop
2023-10-08 09:29:20.037273,360,22,0.95,0.91,6,Laptop
2023-10-08 09:29:21.331842,360,18,1.0,0.89,6,Laptop
2023-10-08 09:29:22.866226,360,18,1.0,0.83,6,Laptop
2023-10-08 09:29:24.082941,360,18,1.0,0.89,6,Laptop
2023-10-08 09:29:25.780068,360,22,1.0,0.91,6,Laptop
2023-10-08 09:29:27.439866,360,22,1.0,0.86,6,Laptop
2023-10-08 09:29:28.808254,360,18,1.0,0.94,6,Laptop
2023-10-08 09:29:30.308890,360,18,1.0,0.89,6,Laptop
2023-10-08 09:29:31.649618,360,18,1.0,0.89,6,Laptop
2023-10-08 09:29:33.059727,360,18,1.0,1.0,6,Laptop
2023-10-08 09:29:34.408533,360,18,1.0,0.89,6,Laptop
2023-10-08 09:29:35.980346,360,18,1.0,0.94,6,Laptop
2023-10-08 09:29:37.345058,360,18,1.0,1.0,6,Laptop
2023-10-08 09:29:38.709609,360,18,1.0,0.94,6,Laptop
2023-10-08 09:29:40.054840,360,18,1.0,0.94,6,Laptop
2023-10-08 09:29:41.517894,360,18,1.0,0.94,6,Laptop
2023-10-08 09:29:42.962776,360,18,1.0,0.94,6,Laptop
2023-10-08 09:29:44.305192,360,18,1.0,0.94,6,Laptop
2023-10-08 09:29:45.809921,360,18,0.94,0.94,6,Laptop
2023-10-08 09:29:47.400127,360,18,1.0,0.89,6,Laptop
2023-10-08 09:29:48.797350,360,18,1.0,0.83,6,Laptop
2023-10-08 09:29:50.739838,360,22,1.0,0.86,6,Laptop
2023-10-08 09:29:52.542804,360,22,1.0,0.73,6,Laptop
2023-10-08 09:29:54.148186,360,22,0.95,0.86,6,Laptop
2023-10-08 09:29:55.930884,360,18,1.0,0.78,6,Laptop
2023-10-08 09:29:57.160659,360,18,1.0,0.83,6,Laptop
2023-10-08 09:29:58.464700,360,18,1.0,0.94,7,Laptop
2023-10-08 09:30:00.780520,360,18,1.0,0.94,7,Laptop
2023-10-08 09:30:02.467060,360,22,1.0,0.68,7,Laptop
2023-10-08 09:30:04.305979,360,22,0.95,0.82,7,Laptop
2023-10-08 09:30:05.631754,360,18,1.0,0.89,7,Laptop
2023-10-08 09:30:07.159962,360,18,1.0,0.89,7,Laptop
2023-10-08 09:30:08.764945,360,18,1.0,0.94,7,Laptop
2023-10-08 09:30:10.638102,360,18,1.0,0.94,7,Laptop
2023-10-08 09:30:12.491023,360,18,1.0,0.72,7,Laptop
2023-10-08 09:30:13.977821,360,18,1.0,0.94,7,Laptop
2023-10-08 09:30:15.607377,360,18,1.0,0.94,7,Laptop
2023-10-08 09:30:17.243337,360,18,1.0,0.89,7,Laptop
2023-10-08 09:30:19.029981,360,18,1.0,0.89,7,Laptop
2023-10-08 09:30:20.980118,360,18,1.0,0.83,7,Laptop
2023-10-08 09:30:22.401899,360,18,1.0,0.83,7,Laptop
2023-10-08 09:30:23.938679,360,18,1.0,0.83,7,Laptop
2023-10-08 09:30:25.766427,360,18,1.0,0.89,7,Laptop
2023-10-08 09:30:27.328965,360,18,1.0,0.89,7,Laptop
2023-10-08 09:30:28.724130,360,18,1.0,0.89,7,Laptop
2023-10-08 09:30:30.065040,360,18,1.0,0.94,7,Laptop
2023-10-08 09:30:31.722810,360,18,1.0,0.94,7,Laptop
2023-10-08 09:30:33.299731,360,18,1.0,0.83,7,Laptop
2023-10-08 09:30:34.844310,360,18,1.0,0.83,7,Laptop
2023-10-08 09:30:36.285079,360,18,1.0,0.89,7,Laptop
2023-10-08 09:30:37.912840,360,18,1.0,0.94,7,Laptop
2023-10-08 09:30:39.356049,360,18,1.0,0.89,7,Laptop
2023-10-08 09:30:41.187841,360,18,1.0,0.89,7,Laptop
2023-10-08 09:30:42.690602,360,18,1.0,0.89,7,Laptop
2023-10-08 09:30:44.263943,360,18,1.0,0.89,7,Laptop
2023-10-08 09:30:45.673518,360,18,1.0,0.89,7,Laptop
2023-10-08 09:30:47.179223,360,18,1.0,0.89,7,Laptop
2023-10-08 09:30:48.809079,360,18,0.94,0.89,7,Laptop
2023-10-08 09:30:50.840908,360,18,1.0,0.89,7,Laptop
2023-10-08 09:30:52.279258,360,18,1.0,0.89,7,Laptop
2023-10-08 09:30:53.976590,360,18,1.0,0.89,7,Laptop
2023-10-08 09:30:55.344726,360,18,1.0,0.89,7,Laptop
2023-10-08 09:30:57.413737,360,18,1.0,0.89,7,Laptop
2023-10-08 09:30:59.167135,360,18,1.0,0.83,7,Laptop
2023-10-08 09:31:00.736233,360,18,1.0,0.89,7,Laptop
2023-10-08 09:31:02.328974,360,18,0.94,0.89,7,Laptop
2023-10-08 09:31:03.820160,360,18,1.0,0.83,7,Laptop
2023-10-08 09:31:05.247820,360,18,1.0,0.89,7,Laptop
2023-10-08 09:31:06.580081,360,18,1.0,0.94,7,Laptop
2023-10-08 09:31:08.203884,360,18,1.0,0.94,7,Laptop
2023-10-08 09:31:09.572882,360,18,1.0,0.89,7,Laptop
2023-10-08 09:31:11.387022,360,18,1.0,0.89,7,Laptop
2023-10-08 09:31:13.187261,360,18,1.0,0.83,7,Laptop
2023-10-08 09:31:14.515880,360,18,1.0,1.0,7,Laptop
2023-10-08 09:31:16.203703,360,18,1.0,0.94,7,Laptop
2023-10-08 09:31:17.712106,360,18,1.0,0.94,7,Laptop
2023-10-08 09:31:19.239093,360,18,1.0,0.94,7,Laptop
2023-10-08 09:31:20.776775,360,18,1.0,0.94,7,Laptop
2023-10-08 09:31:22.428011,360,18,1.0,0.89,7,Laptop
2023-10-08 09:31:24.105775,360,18,1.0,0.89,7,Laptop
2023-10-08 09:31:25.526849,360,18,1.0,0.94,7,Laptop
2023-10-08 09:31:27.330203,360,18,1.0,0.89,7,Laptop
2023-10-08 09:31:28.831994,360,18,0.94,0.83,7,Laptop
2023-10-08 09:31:30.178207,360,18,1.0,0.94,7,Laptop
2023-10-08 09:31:32.000041,360,18,1.0,0.94,7,Laptop
2023-10-08 09:31:33.669412,360,18,1.0,0.83,7,Laptop
2023-10-08 09:31:35.236996,360,18,1.0,0.89,7,Laptop
2023-10-08 09:31:36.970605,360,18,1.0,0.89,7,Laptop
2023-10-08 09:31:38.591433,360,18,0.94,0.89,7,Laptop
2023-10-08 09:31:40.191994,360,18,1.0,0.89,7,Laptop
2023-10-08 09:31:41.768826,360,18,1.0,0.83,7,Laptop
2023-10-08 09:31:43.167860,360,18,1.0,0.94,7,Laptop
2023-10-08 09:31:44.829266,360,18,1.0,0.89,7,Laptop
2023-10-08 09:31:46.417462,360,18,1.0,0.94,7,Laptop
2023-10-08 09:31:48.000915,360,18,0.94,0.94,7,Laptop
2023-10-08 09:31:49.530903,360,18,1.0,0.78,7,Laptop
2023-10-08 09:31:50.877979,360,18,1.0,0.94,7,Laptop
2023-10-08 09:31:52.493325,360,18,1.0,0.94,7,Laptop
2023-10-08 09:31:53.981542,360,18,1.0,0.94,7,Laptop
2023-10-08 09:31:55.349958,360,18,1.0,1.0,7,Laptop
2023-10-08 09:31:57.127768,360,18,1.0,0.89,7,Laptop
2023-10-08 09:31:58.456214,360,18,1.0,0.94,7,Laptop
2023-10-08 09:31:59.982775,360,18,1.0,0.89,7,Laptop
2023-10-08 09:32:01.593915,360,18,1.0,0.83,7,Laptop
2023-10-08 09:32:04.402610,360,18,1.0,0.83,7,Laptop
2023-10-08 09:32:06.172112,360,18,1.0,0.67,7,Laptop
2023-10-08 09:32:07.685741,360,18,1.0,0.83,7,Laptop
2023-10-08 09:32:09.320768,360,18,1.0,1.0,7,Laptop
2023-10-08 09:32:11.011480,360,18,1.0,0.89,7,Laptop
2023-10-08 09:32:12.419400,360,18,1.0,0.94,7,Laptop
2023-10-08 09:32:13.828865,360,18,1.0,0.94,7,Laptop
2023-10-08 09:32:15.374465,360,18,1.0,0.83,7,Laptop
2023-10-08 09:32:16.907253,360,18,1.0,0.89,7,Laptop
2023-10-08 09:32:18.804325,360,18,1.0,0.83,7,Laptop
2023-10-08 09:32:20.441169,360,18,1.0,0.83,7,Laptop
2023-10-08 09:32:22.159946,360,18,0.94,0.83,7,Laptop
2023-10-08 09:32:24.539240,360,18,1.0,0.56,7,Laptop
2023-10-08 09:32:26.165131,360,18,1.0,0.89,7,Laptop
2023-10-08 09:32:27.799771,360,18,1.0,0.83,7,Laptop
2023-10-08 09:32:29.020357,360,18,1.0,0.94,7,Laptop
2023-10-08 09:32:30.632508,360,18,1.0,0.94,7,Laptop
2023-10-08 09:32:32.002978,360,18,1.0,0.94,7,Laptop
2023-10-08 09:32:33.621674,360,18,1.0,1.0,7,Laptop
2023-10-08 09:32:34.975816,360,18,1.0,1.0,7,Laptop
2023-10-08 09:32:36.840293,360,18,1.0,0.89,7,Laptop
2023-10-08 09:32:38.403543,360,18,1.0,0.83,7,Laptop
2023-10-08 09:32:39.950973,360,18,1.0,0.89,8,Laptop
2023-10-08 09:32:42.230129,360,18,1.0,0.94,8,Laptop
2023-10-08 09:32:43.666939,360,18,1.0,0.61,8,Laptop
2023-10-08 09:32:45.233994,360,18,1.0,0.83,8,Laptop
2023-10-08 09:32:46.784249,360,18,1.0,1.0,8,Laptop
2023-10-08 09:32:48.347698,360,18,1.0,1.0,8,Laptop
2023-10-08 09:32:49.962682,360,18,1.0,0.89,8,Laptop
2023-10-08 09:32:52.049704,360,18,1.0,0.94,8,Laptop
2023-10-08 09:32:53.879929,360,18,1.0,0.89,8,Laptop
2023-10-08 09:32:55.239805,360,18,1.0,0.94,8,Laptop
2023-10-08 09:32:56.839932,360,18,1.0,0.94,8,Laptop
2023-10-08 09:32:58.439310,360,18,1.0,0.94,8,Laptop
2023-10-08 09:33:00.191092,360,18,1.0,0.94,8,Laptop
2023-10-08 09:33:02.045393,360,18,1.0,0.89,8,Laptop
2023-10-08 09:33:04.161196,360,18,1.0,0.94,8,Laptop
2023-10-08 09:33:05.753657,360,18,1.0,0.89,8,Laptop
2023-10-08 09:33:07.808007,360,18,1.0,0.89,8,Laptop
2023-10-08 09:33:09.612749,360,18,1.0,0.89,8,Laptop
2023-10-08 09:33:11.433201,360,18,1.0,0.89,8,Laptop
2023-10-08 09:33:13.181153,360,18,1.0,0.89,8,Laptop
2023-10-08 09:33:15.259067,360,18,1.0,0.83,8,Laptop
2023-10-08 09:33:16.962924,360,18,1.0,0.78,8,Laptop
2023-10-08 09:33:19.243260,360,18,1.0,0.83,8,Laptop
2023-10-08 09:33:21.167771,360,18,1.0,0.72,8,Laptop
2023-10-08 09:33:22.782284,360,18,1.0,0.94,8,Laptop
2023-10-08 09:33:24.423387,360,18,1.0,1.0,8,Laptop
2023-10-08 09:33:25.877547,360,18,1.0,0.89,8,Laptop
2023-10-08 09:33:27.575479,360,18,0.94,0.89,8,Laptop
2023-10-08 09:33:29.194747,360,18,1.0,0.89,8,Laptop
2023-10-08 09:33:30.909834,360,18,1.0,0.89,8,Laptop
2023-10-08 09:33:32.500344,360,18,1.0,0.94,8,Laptop
2023-10-08 09:33:34.283245,360,18,1.0,0.89,8,Laptop
2023-10-08 09:33:36.676542,360,18,1.0,0.83,8,Laptop
2023-10-08 09:33:39.499427,360,18,1.0,0.44,8,Laptop
2023-10-08 09:33:41.421296,360,18,1.0,0.83,8,Laptop
2023-10-08 09:33:43.133494,360,18,1.0,0.83,8,Laptop
2023-10-08 09:33:44.786966,360,18,1.0,0.83,8,Laptop
2023-10-08 09:33:46.426578,360,18,1.0,0.78,8,Laptop
2023-10-08 09:33:48.001689,360,18,1.0,0.83,8,Laptop
2023-10-08 09:33:49.829515,360,18,1.0,0.83,8,Laptop
2023-10-08 09:33:51.408922,360,18,1.0,0.89,8,Laptop
2023-10-08 09:33:53.063928,360,18,1.0,0.89,8,Laptop
2023-10-08 09:33:54.643274,360,18,0.94,0.94,8,Laptop
2023-10-08 09:33:56.224503,360,18,1.0,0.94,8,Laptop
2023-10-08 09:33:57.820334,360,18,1.0,1.0,8,Laptop
2023-10-08 09:33:59.457280,360,18,1.0,1.0,8,Laptop
2023-10-08 09:34:01.141981,360,18,1.0,0.89,8,Laptop
2023-10-08 09:34:03.013795,360,18,0.94,0.89,8,Laptop
2023-10-08 09:34:04.501864,360,18,1.0,0.89,8,Laptop
2023-10-08 09:34:06.414186,360,18,1.0,0.83,8,Laptop
2023-10-08 09:34:08.436252,360,18,1.0,0.83,8,Laptop
2023-10-08 09:34:10.045134,360,18,0.94,0.78,8,Laptop
2023-10-08 09:34:11.863077,360,18,1.0,0.83,8,Laptop
2023-10-08 09:34:13.509224,360,18,1.0,0.94,8,Laptop
2023-10-08 09:34:15.573950,360,18,1.0,0.89,8,Laptop
2023-10-08 09:34:17.136259,360,18,1.0,0.89,8,Laptop
2023-10-08 09:34:18.766975,360,18,1.0,1.0,8,Laptop
2023-10-08 09:34:20.429309,360,18,1.0,0.94,8,Laptop
2023-10-08 09:34:22.043020,360,18,1.0,0.94,8,Laptop
2023-10-08 09:34:23.869357,360,18,1.0,0.83,8,Laptop
2023-10-08 09:34:25.338409,360,18,1.0,0.94,8,Laptop
2023-10-08 09:34:26.974174,360,18,1.0,1.0,8,Laptop
2023-10-08 09:34:28.875445,360,18,1.0,0.89,8,Laptop
2023-10-08 09:34:30.499439,360,18,1.0,0.89,8,Laptop
2023-10-08 09:34:31.871123,360,18,1.0,0.94,8,Laptop
2023-10-08 09:34:33.717457,360,18,1.0,0.83,8,Laptop
2023-10-08 09:34:35.347904,360,18,1.0,0.89,8,Laptop
2023-10-08 09:34:36.619517,360,18,1.0,0.94,8,Laptop
2023-10-08 09:34:38.467405,360,18,1.0,0.94,8,Laptop
2023-10-08 09:34:40.060296,360,18,0.94,0.83,8,Laptop
2023-10-08 09:34:41.714091,360,18,1.0,0.89,8,Laptop
2023-10-08 09:34:43.244792,360,18,1.0,0.89,8,Laptop
2023-10-08 09:34:44.885668,360,18,1.0,0.94,8,Laptop
2023-10-08 09:34:46.607462,360,18,1.0,0.94,8,Laptop
2023-10-08 09:34:48.029230,360,18,1.0,0.94,8,Laptop
2023-10-08 09:34:49.790570,360,18,1.0,0.89,8,Laptop
2023-10-08 09:34:51.415868,360,18,1.0,0.94,8,Laptop
2023-10-08 09:34:52.882790,360,18,1.0,0.89,8,Laptop
2023-10-08 09:34:54.463989,360,18,1.0,0.94,8,Laptop
2023-10-08 09:34:56.167002,360,18,1.0,1.0,8,Laptop
2023-10-08 09:34:57.829621,360,18,1.0,0.94,8,Laptop
2023-10-08 09:34:59.548572,360,18,1.0,0.94,8,Laptop
2023-10-08 09:35:01.131453,360,18,1.0,0.89,8,Laptop
2023-10-08 09:35:03.030773,360,18,1.0,0.83,8,Laptop
2023-10-08 09:35:04.432682,360,18,1.0,0.89,8,Laptop
2023-10-08 09:35:06.136214,360,18,1.0,0.94,8,Laptop
2023-10-08 09:35:07.989156,360,18,1.0,0.89,8,Laptop
2023-10-08 09:35:09.592342,360,18,0.94,0.89,8,Laptop
2023-10-08 09:35:11.020793,360,18,1.0,1.0,8,Laptop
2023-10-08 09:35:12.587353,360,18,1.0,1.0,8,Laptop
2023-10-08 09:35:14.403358,360,18,1.0,0.94,8,Laptop
2023-10-08 09:35:15.866029,360,18,1.0,0.94,8,Laptop
2023-10-08 09:35:17.687351,360,18,1.0,0.89,8,Laptop
2023-10-08 09:35:19.260015,360,18,1.0,0.83,8,Laptop
2023-10-08 09:35:20.971225,360,18,1.0,0.89,8,Laptop
2023-10-08 09:35:22.689548,360,18,1.0,0.83,8,Laptop
2023-10-08 09:35:24.402773,360,18,1.0,0.94,8,Laptop
2023-10-08 09:35:26.254056,360,18,0.94,0.94,8,Laptop
2023-10-08 09:35:27.938737,360,18,1.0,0.89,8,Laptop
2023-10-08 09:35:29.377991,360,18,1.0,0.94,8,Laptop
2023-10-08 09:35:31.080608,360,18,1.0,0.89,9,Laptop
2023-10-08 09:35:34.031051,360,18,1.0,0.89,9,Laptop
2023-10-08 09:35:35.513703,360,18,1.0,0.56,9,Laptop
2023-10-08 09:35:36.683984,420,14,1.0,0.93,9,Laptop
2023-10-08 09:35:38.209257,420,14,1.0,0.93,9,Laptop
2023-10-08 09:35:39.998841,420,14,1.0,0.86,9,Laptop
2023-10-08 09:35:41.417379,420,14,1.0,0.79,9,Laptop
2023-10-08 09:35:43.047169,360,18,1.0,0.94,9,Laptop
2023-10-08 09:35:44.997766,360,18,0.94,0.94,9,Laptop
2023-10-08 09:35:46.635740,360,18,1.0,0.94,9,Laptop
2023-10-08 09:35:48.569341,360,18,1.0,0.89,9,Laptop
2023-10-08 09:35:50.316166,360,18,0.94,0.94,9,Laptop
2023-10-08 09:35:51.869216,360,18,1.0,0.94,9,Laptop
2023-10-08 09:35:53.911974,360,18,1.0,0.89,9,Laptop
2023-10-08 09:35:55.635236,360,18,1.0,0.94,9,Laptop
2023-10-08 09:35:57.466275,360,18,1.0,0.89,9,Laptop
2023-10-08 09:35:59.328940,360,18,0.94,0.83,9,Laptop
2023-10-08 09:36:00.947127,360,18,1.0,0.78,9,Laptop
2023-10-08 09:36:02.662350,360,18,1.0,0.89,9,Laptop
2023-10-08 09:36:04.495002,360,18,1.0,0.83,9,Laptop
2023-10-08 09:36:06.281323,360,18,1.0,0.89,9,Laptop
2023-10-08 09:36:08.229696,360,18,1.0,0.89,9,Laptop
2023-10-08 09:36:09.980004,360,18,1.0,0.83,9,Laptop
2023-10-08 09:36:11.673237,360,18,1.0,0.89,9,Laptop
2023-10-08 09:36:13.266259,360,18,1.0,0.94,9,Laptop
2023-10-08 09:36:15.059852,360,18,1.0,0.89,9,Laptop
2023-10-08 09:36:16.813460,360,18,1.0,0.89,9,Laptop
2023-10-08 09:36:18.343837,360,18,1.0,0.94,9,Laptop
2023-10-08 09:36:20.207452,360,18,1.0,0.89,9,Laptop
2023-10-08 09:36:21.773574,360,18,1.0,0.94,9,Laptop
2023-10-08 09:36:23.542511,360,18,1.0,0.94,9,Laptop
2023-10-08 09:36:25.400753,360,18,1.0,0.89,9,Laptop
2023-10-08 09:36:27.080630,360,18,1.0,0.94,9,Laptop
2023-10-08 09:36:28.875731,360,18,1.0,0.89,9,Laptop
2023-10-08 09:36:30.612269,360,18,1.0,0.89,9,Laptop
2023-10-08 09:36:32.223350,360,18,1.0,1.0,9,Laptop
2023-10-08 09:36:34.298995,360,18,1.0,0.83,9,Laptop
2023-10-08 09:36:35.824069,360,18,1.0,0.89,9,Laptop
2023-10-08 09:36:37.969051,360,18,1.0,0.83,9,Laptop
2023-10-08 09:36:39.405815,360,18,1.0,0.94,9,Laptop
2023-10-08 09:36:41.408441,360,18,1.0,0.83,9,Laptop
2023-10-08 09:36:43.015296,360,18,1.0,0.94,9,Laptop
2023-10-08 09:36:44.851184,360,18,1.0,0.94,9,Laptop
2023-10-08 09:36:46.667701,360,18,1.0,0.89,9,Laptop
2023-10-08 09:36:48.467927,360,18,1.0,0.89,9,Laptop
2023-10-08 09:36:50.352873,360,18,1.0,0.83,9,Laptop
2023-10-08 09:36:52.227393,360,18,1.0,0.78,9,Laptop
2023-10-08 09:36:53.925715,360,18,1.0,0.94,9,Laptop
2023-10-08 09:36:55.372869,360,18,1.0,0.94,9,Laptop
2023-10-08 09:36:57.203758,360,18,1.0,0.94,9,Laptop
2023-10-08 09:36:58.931981,360,18,1.0,0.89,9,Laptop
2023-10-08 09:37:00.995568,360,18,1.0,0.83,9,Laptop
2023-10-08 09:37:02.670069,360,18,1.0,0.94,9,Laptop
2023-10-08 09:37:04.744086,360,18,1.0,0.83,9,Laptop
2023-10-08 09:37:06.744485,360,18,1.0,0.89,9,Laptop
2023-10-08 09:37:08.385119,360,18,1.0,0.83,9,Laptop
2023-10-08 09:37:10.151364,360,18,0.94,0.83,9,Laptop
2023-10-08 09:37:11.741063,360,18,1.0,0.89,9,Laptop
2023-10-08 09:37:13.701966,360,18,1.0,0.83,9,Laptop
2023-10-08 09:37:15.431021,360,18,1.0,0.78,9,Laptop
2023-10-08 09:37:17.287194,360,18,1.0,0.89,9,Laptop
2023-10-08 09:37:18.880149,360,18,1.0,0.94,9,Laptop
2023-10-08 09:37:20.782159,360,18,1.0,0.94,9,Laptop
2023-10-08 09:37:22.487215,360,18,1.0,0.89,9,Laptop
2023-10-08 09:37:24.279156,360,18,1.0,0.78,9,Laptop
2023-10-08 09:37:25.916101,360,18,1.0,0.94,9,Laptop
2023-10-08 09:37:27.760201,360,18,1.0,0.89,9,Laptop
2023-10-08 09:37:29.359948,360,18,1.0,0.89,9,Laptop
2023-10-08 09:37:31.160825,360,18,1.0,0.89,9,Laptop
2023-10-08 09:37:33.049635,360,18,1.0,1.0,9,Laptop
2023-10-08 09:37:34.878254,360,18,1.0,0.83,9,Laptop
2023-10-08 09:37:36.684685,360,18,1.0,0.89,9,Laptop
2023-10-08 09:37:38.285367,360,18,1.0,0.94,9,Laptop
2023-10-08 09:37:40.085643,360,18,1.0,0.94,9,Laptop
2023-10-08 09:37:41.886470,360,18,1.0,1.0,9,Laptop
2023-10-08 09:37:43.848055,360,18,0.94,0.83,9,Laptop
2023-10-08 09:37:45.719411,360,18,1.0,0.89,9,Laptop
2023-10-08 09:37:47.965069,360,18,1.0,0.61,9,Laptop
2023-10-08 09:37:49.558123,360,18,1.0,0.78,9,Laptop
2023-10-08 09:37:51.548256,360,18,1.0,0.72,9,Laptop
2023-10-08 09:37:53.325929,360,18,1.0,0.89,9,Laptop
2023-10-08 09:37:55.179022,360,18,1.0,1.0,9,Laptop
2023-10-08 09:37:56.866526,360,18,1.0,0.94,9,Laptop
2023-10-08 09:37:58.851875,360,18,1.0,0.83,9,Laptop
2023-10-08 09:38:00.435512,360,18,1.0,0.89,9,Laptop
2023-10-08 09:38:02.207556,360,18,1.0,0.94,9,Laptop
2023-10-08 09:38:04.145610,360,18,0.94,0.94,9,Laptop
2023-10-08 09:38:06.113917,360,18,1.0,0.72,9,Laptop
2023-10-08 09:38:07.870075,360,18,1.0,0.78,9,Laptop
2023-10-08 09:38:09.752927,360,18,1.0,0.89,9,Laptop
2023-10-08 09:38:11.415223,360,18,1.0,0.94,9,Laptop
2023-10-08 09:38:13.240967,360,18,1.0,0.78,9,Laptop
2023-10-08 09:38:14.918032,360,18,1.0,0.89,9,Laptop
2023-10-08 09:38:16.809742,360,18,1.0,0.89,9,Laptop
2023-10-08 09:38:18.448134,360,18,1.0,0.89,9,Laptop
2023-10-08 09:38:20.744344,360,18,1.0,0.83,9,Laptop
2023-10-08 09:38:22.612134,360,18,0.94,0.89,9,Laptop
2023-10-08 09:38:24.680429,360,18,1.0,0.89,9,Laptop
2023-10-08 09:38:27.668392,360,18,1.0,0.89,9,Laptop
2023-10-08 09:38:31.116776,360,18,1.0,0.67,9,Laptop
2023-10-08 09:38:33.518232,360,18,1.0,0.78,10,Laptop
2023-10-08 09:38:36.633700,360,18,1.0,0.83,10,Laptop
2023-10-08 09:38:37.941614,360,18,1.0,0.72,10,Laptop
2023-10-08 09:38:40.084425,420,14,0.93,1.0,10,Laptop
2023-10-08 09:38:43.143204,420,14,1.0,0.79,10,Laptop
2023-10-08 09:38:44.993298,420,14,0.93,0.86,10,Laptop
2023-10-08 09:38:46.954351,420,14,0.93,0.93,10,Laptop
2023-10-08 09:38:48.867251,360,18,1.0,0.89,10,Laptop
2023-10-08 09:38:51.074813,360,18,1.0,0.83,10,Laptop
2023-10-08 09:38:53.471490,360,18,1.0,0.83,10,Laptop
2023-10-08 09:38:55.141711,360,18,1.0,0.94,10,Laptop
2023-10-08 09:38:57.859717,360,18,1.0,0.67,10,Laptop
2023-10-08 09:39:00.637765,360,18,1.0,0.72,10,Laptop
2023-10-08 09:39:02.827490,360,18,1.0,0.78,10,Laptop
2023-10-08 09:39:04.857974,360,18,0.94,0.83,10,Laptop
2023-10-08 09:39:06.775360,360,18,1.0,0.89,10,Laptop
2023-10-08 09:39:08.707806,360,18,1.0,0.89,10,Laptop
2023-10-08 09:39:10.883798,360,18,1.0,0.78,10,Laptop
2023-10-08 09:39:12.809167,360,18,1.0,0.89,10,Laptop
2023-10-08 09:39:14.452466,360,18,1.0,0.89,10,Laptop
2023-10-08 09:39:16.231973,360,18,1.0,1.0,10,Laptop
2023-10-08 09:39:18.252668,360,18,1.0,0.89,10,Laptop
2023-10-08 09:39:20.360329,360,18,0.94,0.94,10,Laptop
2023-10-08 09:39:22.276273,360,18,1.0,0.89,10,Laptop
2023-10-08 09:39:24.331118,360,18,1.0,0.83,10,Laptop
2023-10-08 09:39:26.189810,360,18,1.0,1.0,10,Laptop
2023-10-08 09:39:28.570527,360,18,1.0,0.89,10,Laptop
2023-10-08 09:39:30.957926,360,18,1.0,0.78,10,Laptop
2023-10-08 09:39:33.384609,360,18,1.0,0.61,10,Laptop
2023-10-08 09:39:35.497156,360,18,1.0,0.78,10,Laptop
2023-10-08 09:39:37.843572,360,18,1.0,0.83,10,Laptop
2023-10-08 09:39:40.480243,360,18,1.0,0.89,10,Laptop
2023-10-08 09:39:42.585592,360,18,1.0,0.94,10,Laptop
2023-10-08 09:39:44.889191,360,18,1.0,0.89,10,Laptop
2023-10-08 09:39:46.909605,360,18,1.0,0.89,10,Laptop
2023-10-08 09:39:48.565395,360,18,1.0,0.83,10,Laptop
2023-10-08 09:39:50.405828,360,18,1.0,0.89,10,Laptop
2023-10-08 09:39:52.448321,360,18,1.0,0.94,10,Laptop
2023-10-08 09:39:54.215146,360,18,1.0,0.94,10,Laptop
2023-10-08 09:39:56.316257,360,18,1.0,0.94,10,Laptop
2023-10-08 09:39:58.154659,360,18,1.0,0.89,10,Laptop
2023-10-08 09:40:00.957077,360,18,1.0,0.83,10,Laptop
2023-10-08 09:40:03.001193,360,18,1.0,0.78,10,Laptop
2023-10-08 09:40:04.895833,360,18,1.0,0.78,10,Laptop
2023-10-08 09:40:07.034617,360,18,0.94,0.78,10,Laptop
2023-10-08 09:40:09.354537,360,18,1.0,0.83,10,Laptop
2023-10-08 09:40:11.502053,360,18,1.0,1.0,10,Laptop
2023-10-08 09:40:13.817161,360,18,1.0,0.72,10,Laptop
2023-10-08 09:40:15.953585,360,18,1.0,0.83,10,Laptop
2023-10-08 09:40:17.956884,360,18,1.0,1.0,10,Laptop
2023-10-08 09:40:19.888037,360,18,1.0,0.89,10,Laptop
2023-10-08 09:40:21.438543,360,18,1.0,0.94,10,Laptop
2023-10-08 09:40:23.582163,360,18,0.94,0.94,10,Laptop
2023-10-08 09:40:25.533055,360,18,1.0,0.94,10,Laptop
2023-10-08 09:40:27.559834,360,18,1.0,0.83,10,Laptop
2023-10-08 09:40:29.666917,360,18,1.0,0.89,10,Laptop
2023-10-08 09:40:32.113544,360,18,1.0,0.67,10,Laptop
2023-10-08 09:40:34.366906,360,18,1.0,0.83,10,Laptop
2023-10-08 09:40:36.517657,360,18,1.0,0.94,10,Laptop
2023-10-08 09:40:38.917083,360,18,1.0,0.67,10,Laptop
2023-10-08 09:40:41.475960,360,18,1.0,0.83,10,Laptop
2023-10-08 09:40:43.257348,360,18,1.0,0.89,10,Laptop
2023-10-08 09:40:45.113185,360,18,1.0,0.89,10,Laptop
2023-10-08 09:40:46.901306,360,18,1.0,0.89,10,Laptop
2023-10-08 09:40:48.855467,360,18,1.0,0.94,10,Laptop
2023-10-08 09:40:51.002403,360,18,1.0,0.78,10,Laptop
2023-10-08 09:40:53.001746,360,18,1.0,0.83,10,Laptop
2023-10-08 09:40:55.293702,360,18,0.94,0.89,10,Laptop
2023-10-08 09:40:57.374483,360,18,1.0,0.67,10,Laptop
2023-10-08 09:40:59.180899,360,18,1.0,0.89,10,Laptop
2023-10-08 09:41:01.262824,360,18,1.0,0.89,10,Laptop
2023-10-08 09:41:03.522441,360,18,1.0,0.78,10,Laptop
2023-10-08 09:41:05.609220,360,18,1.0,0.78,10,Laptop
2023-10-08 09:41:07.681791,360,18,1.0,0.78,10,Laptop
2023-10-08 09:41:09.668257,360,18,1.0,0.94,10,Laptop
2023-10-08 09:41:11.752308,360,18,1.0,0.83,10,Laptop
2023-10-08 09:41:13.587507,360,18,1.0,0.94,10,Laptop
2023-10-08 09:41:16.191840,360,18,1.0,0.67,10,Laptop
2023-10-08 09:41:18.167234,360,18,1.0,0.67,10,Laptop
2023-10-08 09:41:20.499970,360,18,1.0,0.78,10,Laptop
2023-10-08 09:41:22.458476,360,18,1.0,0.94,10,Laptop
2023-10-08 09:41:24.325709,360,18,1.0,0.89,10,Laptop
2023-10-08 09:41:26.542141,360,18,1.0,0.89,10,Laptop
2023-10-08 09:41:28.778514,360,18,1.0,0.78,10,Laptop
2023-10-08 09:41:30.645660,360,18,1.0,0.67,10,Laptop
2023-10-08 09:41:32.942549,360,18,1.0,0.83,10,Laptop
2023-10-08 09:41:35.048338,360,18,1.0,0.83,10,Laptop
2023-10-08 09:41:37.387339,360,18,1.0,0.78,10,Laptop
2023-10-08 09:41:39.388044,360,18,1.0,0.94,10,Laptop
2023-10-08 09:41:41.598717,360,18,1.0,0.94,10,Laptop
2023-10-08 09:41:44.586219,360,18,1.0,0.72,10,Laptop
2023-10-08 09:41:47.611786,360,18,0.94,0.61,10,Laptop
2023-10-08 09:41:49.745033,360,18,1.0,0.67,10,Laptop
2023-10-08 09:41:51.913818,360,18,1.0,0.89,10,Laptop
2023-10-08 09:41:54.199453,360,18,0.94,0.72,10,Laptop
2023-10-08 09:41:56.203904,360,18,1.0,0.89,10,Laptop
2023-10-08 09:41:58.599056,360,18,1.0,0.72,10,Laptop
2023-10-08 09:42:00.920510,360,18,1.0,0.56,10,Laptop
2023-10-08 09:42:02.716120,360,18,1.0,0.83,10,Laptop
2023-10-08 09:42:04.812241,360,18,0.94,0.83,10,Laptop
2023-10-08 09:45:22.711080,180,22,1.0,1.0,1,Laptop
2023-10-08 09:45:23.791098,180,22,0.91,0.95,11,Laptop
2023-10-08 09:45:24.987249,240,22,0.86,0.95,11,Laptop
2023-10-08 09:45:25.999713,120,30,0.09,0.97,11,Laptop
2023-10-08 09:45:27.111622,420,14,1.0,1.0,11,Laptop
2023-10-08 09:45:28.249853,420,14,1.0,1.0,11,Laptop
2023-10-08 09:45:29.669976,420,30,1.0,0.0,11,Laptop
2023-10-08 09:45:35.955365,420,30,1.0,0.0,11,Laptop
2023-10-08 09:45:36.213002,300,18,1.0,1.0,11,Laptop
2023-10-08 09:45:37.319457,300,18,1.0,1.0,11,Laptop
2023-10-08 09:45:38.348797,420,14,1.0,1.0,11,Laptop
2023-10-08 09:45:39.622823,420,14,1.0,1.0,11,Laptop
2023-10-08 09:45:40.662646,420,14,0.93,1.0,11,Laptop
2023-10-08 09:45:41.614945,420,14,1.0,1.0,11,Laptop
2023-10-08 09:45:42.781089,420,14,1.0,1.0,11,Laptop
2023-10-08 09:45:43.967578,420,14,1.0,1.0,11,Laptop
2023-10-08 09:45:45.280997,420,14,0.93,1.0,11,Laptop
2023-10-08 09:45:46.669355,420,14,0.93,1.0,11,Laptop
2023-10-08 09:45:47.702520,420,14,1.0,1.0,11,Laptop
2023-10-08 09:45:48.903139,420,14,1.0,1.0,11,Laptop
2023-10-08 09:45:50.180256,420,14,1.0,1.0,11,Laptop
2023-10-08 09:45:51.530054,420,14,1.0,0.93,11,Laptop
2023-10-08 09:45:52.616475,420,14,0.93,1.0,11,Laptop
2023-10-08 09:45:53.961006,420,14,1.0,1.0,11,Laptop
2023-10-08 09:45:55.051542,420,14,0.93,0.93,11,Laptop
2023-10-08 09:45:56.229538,420,14,1.0,1.0,11,Laptop
2023-10-08 09:45:57.429428,420,14,1.0,1.0,11,Laptop
2023-10-08 09:45:58.689142,420,14,1.0,1.0,11,Laptop
2023-10-08 09:46:00.232821,420,14,1.0,1.0,11,Laptop
2023-10-08 09:46:02.084563,420,14,0.93,1.0,11,Laptop
2023-10-08 09:46:03.982143,420,14,1.0,0.86,11,Laptop
2023-10-08 09:46:05.861160,420,14,1.0,0.93,11,Laptop
2023-10-08 09:46:07.699439,420,14,0.93,0.93,11,Laptop
2023-10-08 09:46:09.306522,420,14,1.0,1.0,11,Laptop
2023-10-08 09:46:11.210934,420,14,1.0,0.93,11,Laptop
2023-10-08 09:46:12.667239,420,14,1.0,0.93,11,Laptop
2023-10-08 09:46:14.597565,420,14,0.93,0.93,11,Laptop
2023-10-08 09:46:16.181745,420,14,1.0,0.93,11,Laptop
2023-10-08 09:46:18.165409,420,14,1.0,0.86,11,Laptop
2023-10-08 09:46:19.930737,420,14,0.93,0.93,11,Laptop
2023-10-08 09:46:21.566845,420,14,1.0,1.0,11,Laptop
2023-10-08 09:46:23.458461,420,14,1.0,0.79,11,Laptop
2023-10-08 09:46:25.169298,420,14,0.93,0.93,11,Laptop
2023-10-08 09:46:27.007840,420,14,1.0,0.79,11,Laptop
2023-10-08 09:46:28.464751,420,14,1.0,1.0,11,Laptop
2023-10-08 09:46:30.139939,420,14,1.0,0.93,11,Laptop
2023-10-08 09:46:31.668373,420,14,1.0,1.0,11,Laptop
2023-10-08 09:46:33.776454,420,14,1.0,1.0,11,Laptop
2023-10-08 09:46:35.559410,420,14,1.0,0.93,11,Laptop
2023-10-08 09:46:37.513811,420,14,0.93,0.93,11,Laptop
2023-10-08 09:46:39.117288,420,14,1.0,1.0,11,Laptop
2023-10-08 09:46:40.876418,420,14,1.0,0.86,11,Laptop
2023-10-08 09:46:42.601335,420,14,1.0,1.0,11,Laptop
2023-10-08 09:46:44.288058,420,14,1.0,1.0,11,Laptop
2023-10-08 09:46:45.994130,420,14,1.0,1.0,11,Laptop
2023-10-08 09:46:47.515203,420,14,1.0,1.0,11,Laptop
2023-10-08 09:46:49.376265,420,14,0.93,1.0,11,Laptop
2023-10-08 09:46:51.089505,420,14,1.0,0.93,11,Laptop
2023-10-08 09:46:52.804888,420,14,1.0,0.93,11,Laptop
2023-10-08 09:46:54.529690,420,14,1.0,1.0,11,Laptop
2023-10-08 09:46:56.483743,420,14,1.0,0.93,11,Laptop
2023-10-08 09:46:58.121261,420,14,1.0,0.93,11,Laptop
2023-10-08 09:46:59.798079,420,14,1.0,0.86,11,Laptop
2023-10-08 09:47:01.328992,420,14,1.0,1.0,11,Laptop
2023-10-08 09:47:03.148079,420,14,1.0,1.0,11,Laptop
2023-10-08 09:47:04.823295,420,14,1.0,0.86,11,Laptop
2023-10-08 09:47:06.560817,420,14,1.0,1.0,11,Laptop
2023-10-08 09:47:08.069055,420,14,1.0,1.0,11,Laptop
2023-10-08 09:47:09.759871,420,14,1.0,0.93,11,Laptop
2023-10-08 09:47:11.480185,420,14,1.0,0.86,11,Laptop
2023-10-08 09:47:12.780379,420,14,1.0,1.0,11,Laptop
2023-10-08 09:47:14.735567,420,14,1.0,0.93,11,Laptop
2023-10-08 09:47:16.266413,420,14,0.93,1.0,11,Laptop
2023-10-08 09:47:17.757214,420,14,1.0,1.0,11,Laptop
2023-10-08 09:47:19.971444,420,14,0.93,1.0,11,Laptop
2023-10-08 09:47:21.928561,420,14,1.0,0.93,11,Laptop
2023-10-08 09:47:23.859966,420,14,1.0,1.0,11,Laptop
2023-10-08 09:47:25.839111,420,14,1.0,0.93,11,Laptop
2023-10-08 09:47:27.985879,420,14,0.93,0.79,11,Laptop
2023-10-08 09:47:30.195629,420,14,1.0,0.93,11,Laptop
2023-10-08 09:47:31.935522,420,14,1.0,0.93,11,Laptop
2023-10-08 09:47:33.698637,420,14,1.0,1.0,11,Laptop
2023-10-08 09:47:35.783223,420,14,0.93,0.93,11,Laptop
2023-10-08 09:47:37.509103,420,14,0.93,0.93,11,Laptop
2023-10-08 09:47:38.857722,420,14,1.0,1.0,11,Laptop
2023-10-08 09:47:40.735820,420,14,1.0,0.93,11,Laptop
2023-10-08 09:47:42.331718,420,14,1.0,0.93,11,Laptop
2023-10-08 09:47:43.829279,420,14,1.0,1.0,11,Laptop
2023-10-08 09:47:45.578002,420,14,1.0,0.93,11,Laptop
2023-10-08 09:47:47.336522,420,14,1.0,0.93,11,Laptop
2023-10-08 09:47:49.086796,420,14,0.93,0.93,11,Laptop
2023-10-08 09:47:50.979255,420,14,0.93,0.93,11,Laptop
2023-10-08 09:47:53.024830,420,14,1.0,0.86,11,Laptop
2023-10-08 09:47:54.969674,420,14,1.0,0.86,11,Laptop
2023-10-08 09:47:57.141921,420,14,1.0,0.86,11,Laptop
2023-10-08 09:47:59.429935,420,14,1.0,0.71,11,Laptop
2023-10-08 09:48:01.254890,420,14,1.0,0.86,11,Laptop
2023-10-08 09:48:03.576238,420,14,1.0,0.79,11,Laptop
2023-10-08 09:48:05.614984,420,14,1.0,0.79,11,Laptop
2023-10-08 09:48:07.283276,420,14,1.0,0.86,11,Laptop
2023-10-08 09:48:09.272365,420,14,1.0,1.0,12,Laptop
2023-10-08 09:48:12.000865,420,14,0.93,1.0,12,Laptop
2023-10-08 09:48:13.797659,420,14,0.93,0.71,12,Laptop
2023-10-08 09:48:16.108113,420,14,1.0,0.79,12,Laptop
2023-10-08 09:48:18.180977,420,14,1.0,0.79,12,Laptop
2023-10-08 09:48:20.045133,420,14,1.0,0.86,12,Laptop
2023-10-08 09:48:21.988704,420,14,1.0,0.93,12,Laptop
2023-10-08 09:48:23.805425,420,14,1.0,0.93,12,Laptop
2023-10-08 09:48:25.993996,420,14,1.0,0.93,12,Laptop
2023-10-08 09:48:28.186464,420,14,1.0,0.79,12,Laptop
2023-10-08 09:48:29.979889,420,14,1.0,0.86,12,Laptop
2023-10-08 09:48:32.347635,420,14,1.0,0.93,12,Laptop
2023-10-08 09:48:34.748164,420,14,1.0,0.79,12,Laptop
2023-10-08 09:48:37.212217,420,14,1.0,0.79,12,Laptop
2023-10-08 09:48:39.405971,420,14,1.0,0.79,12,Laptop
2023-10-08 09:48:41.363962,420,14,1.0,0.93,12,Laptop
2023-10-08 09:48:43.329777,420,14,1.0,0.93,12,Laptop
2023-10-08 09:48:45.382255,420,14,1.0,0.79,12,Laptop
2023-10-08 09:48:47.073548,420,14,1.0,0.93,12,Laptop
2023-10-08 09:48:49.044883,420,14,1.0,0.86,12,Laptop
2023-10-08 09:48:50.759364,420,14,1.0,0.93,12,Laptop
2023-10-08 09:48:52.255575,420,14,1.0,1.0,12,Laptop
2023-10-08 09:48:54.145357,420,14,0.93,0.93,12,Laptop
2023-10-08 09:48:55.859661,420,14,0.93,1.0,12,Laptop
2023-10-08 09:48:57.412276,420,14,1.0,0.93,12,Laptop
2023-10-08 09:48:59.221028,420,14,1.0,0.93,12,Laptop
2023-10-08 09:49:01.085855,420,14,1.0,0.86,12,Laptop
2023-10-08 09:49:02.677878,420,14,1.0,0.93,12,Laptop
2023-10-08 09:49:04.979747,420,14,0.93,0.86,12,Laptop
2023-10-08 09:49:07.025678,420,14,1.0,0.71,12,Laptop
2023-10-08 09:49:08.860980,420,14,1.0,0.93,12,Laptop
2023-10-08 09:49:10.814210,420,14,0.93,0.86,12,Laptop
2023-10-08 09:49:12.471428,420,14,1.0,0.86,12,Laptop
2023-10-08 09:49:15.462343,420,14,1.0,0.93,12,Laptop
2023-10-08 09:49:17.769427,420,14,1.0,0.86,12,Laptop
2023-10-08 09:49:19.528984,420,14,0.93,0.86,12,Laptop
2023-10-08 09:49:21.306641,420,14,1.0,0.93,12,Laptop
2023-10-08 09:49:23.080768,420,14,1.0,0.86,12,Laptop
2023-10-08 09:49:25.186799,420,14,0.93,0.79,12,Laptop
2023-10-08 09:49:27.012268,420,14,1.0,0.86,12,Laptop
2023-10-08 09:49:29.121429,420,14,1.0,0.93,12,Laptop
2023-10-08 09:49:30.975837,420,14,0.93,1.0,12,Laptop
2023-10-08 09:49:33.090680,420,14,1.0,1.0,12,Laptop
2023-10-08 09:49:35.085971,420,14,1.0,0.93,12,Laptop
2023-10-08 09:49:37.002126,420,14,0.93,0.86,12,Laptop
2023-10-08 09:49:39.277073,420,14,1.0,0.86,12,Laptop
2023-10-08 09:49:41.458542,420,14,1.0,0.86,12,Laptop
2023-10-08 09:49:43.123997,420,14,1.0,0.93,12,Laptop
2023-10-08 09:49:45.231846,420,14,1.0,0.79,12,Laptop
2023-10-08 09:49:46.815219,420,14,1.0,0.86,12,Laptop
2023-10-08 09:49:48.852198,420,14,1.0,0.86,12,Laptop
2023-10-08 09:49:50.709238,420,14,1.0,1.0,12,Laptop
2023-10-08 09:49:52.348607,420,14,0.93,1.0,12,Laptop
2023-10-08 09:49:54.948925,420,14,1.0,0.79,12,Laptop
2023-10-08 09:49:56.936285,420,14,0.93,0.93,12,Laptop
2023-10-08 09:49:58.748478,420,14,0.93,1.0,12,Laptop
2023-10-08 09:50:00.382170,420,14,0.93,0.93,12,Laptop
2023-10-08 09:50:02.250468,420,14,0.93,0.93,12,Laptop
2023-10-08 09:50:03.770732,420,14,1.0,0.86,12,Laptop
2023-10-08 09:50:05.695377,420,14,1.0,0.93,12,Laptop
2023-10-08 09:50:07.166745,420,14,1.0,0.93,12,Laptop
2023-10-08 09:50:09.169978,420,14,1.0,0.93,12,Laptop
2023-10-08 09:50:11.563357,420,14,1.0,0.86,12,Laptop
2023-10-08 09:50:13.032067,420,14,1.0,0.93,12,Laptop
2023-10-08 09:50:15.006486,420,14,0.93,1.0,12,Laptop
2023-10-08 09:50:16.791219,420,14,1.0,0.93,12,Laptop
2023-10-08 09:50:18.646583,420,14,1.0,0.93,12,Laptop
2023-10-08 09:50:20.109187,420,14,1.0,1.0,12,Laptop
2023-10-08 09:50:21.997769,420,14,1.0,0.86,12,Laptop
2023-10-08 09:50:23.953122,420,14,1.0,0.93,12,Laptop
2023-10-08 09:50:25.685391,420,14,1.0,0.93,12,Laptop
2023-10-08 09:50:27.625929,420,14,0.93,0.86,12,Laptop
2023-10-08 09:50:29.118596,420,14,1.0,1.0,12,Laptop
2023-10-08 09:50:30.998760,420,14,1.0,0.93,12,Laptop
2023-10-08 09:50:32.880348,420,14,1.0,0.93,12,Laptop
2023-10-08 09:50:34.896347,420,14,1.0,0.93,12,Laptop
2023-10-08 09:50:36.369711,420,14,1.0,0.93,12,Laptop
2023-10-08 09:50:38.072259,420,14,1.0,1.0,12,Laptop
2023-10-08 09:50:40.144362,420,14,0.93,1.0,12,Laptop
2023-10-08 09:50:42.028342,420,14,0.93,0.79,12,Laptop
2023-10-08 09:50:43.830646,420,14,0.93,0.86,12,Laptop
2023-10-08 09:50:45.605983,420,14,1.0,0.79,12,Laptop
2023-10-08 09:50:47.643768,420,14,1.0,0.86,12,Laptop
2023-10-08 09:50:49.389945,420,14,0.93,0.93,12,Laptop
2023-10-08 09:50:51.250488,420,14,1.0,0.79,12,Laptop
2023-10-08 09:50:52.704268,420,14,1.0,0.93,12,Laptop
2023-10-08 09:50:54.383575,420,14,1.0,1.0,12,Laptop
2023-10-08 09:50:56.150664,420,14,1.0,0.93,12,Laptop
2023-10-08 09:50:57.907214,420,14,1.0,0.93,12,Laptop
2023-10-08 09:50:59.842991,420,14,0.93,0.93,12,Laptop
2023-10-08 09:51:01.702960,420,14,1.0,0.93,12,Laptop
2023-10-08 09:51:03.641583,420,14,0.93,1.0,12,Laptop
2023-10-08 09:51:05.305895,420,14,1.0,1.0,12,Laptop
2023-10-08 09:51:07.248127,420,14,1.0,0.93,12,Laptop
2023-10-08 09:51:08.919346,420,14,0.93,0.86,12,Laptop
2023-10-08 09:51:10.677739,420,14,1.0,0.93,12,Laptop
2023-10-08 09:51:12.841272,420,14,1.0,1.0,12,Laptop
2023-10-08 09:51:15.087827,420,14,1.0,0.86,12,Laptop
2023-10-08 09:51:16.718377,420,14,0.93,0.93,12,Laptop
2023-10-08 09:51:18.765418,420,14,1.0,0.86,12,Laptop
2023-10-08 09:51:20.575520,420,14,1.0,0.79,13,Laptop
2023-10-08 09:51:22.498392,420,14,1.0,0.93,13,Laptop
2023-10-08 09:51:25.299962,120,26,0.03,0.77,13,Laptop
2023-10-08 09:51:27.894178,120,22,0.03,0.64,13,Laptop
2023-10-08 09:51:29.464836,420,14,1.0,0.71,13,Laptop
2023-10-08 09:51:31.414598,420,14,1.0,0.86,13,Laptop
2023-10-08 09:51:34.276282,420,14,1.0,1.0,13,Laptop
2023-10-08 09:51:36.142082,420,14,1.0,0.79,13,Laptop
2023-10-08 09:51:38.138894,420,14,1.0,0.86,13,Laptop
2023-10-08 09:51:39.863573,420,14,1.0,1.0,13,Laptop
2023-10-08 09:51:41.781232,420,14,0.0,0.93,13,Laptop
2023-10-08 09:51:43.531423,420,14,1.0,1.0,13,Laptop
2023-10-08 09:51:45.264657,420,14,1.0,1.0,13,Laptop
2023-10-08 09:51:47.267069,420,14,1.0,1.0,13,Laptop
2023-10-08 09:51:49.629943,420,14,1.0,0.79,13,Laptop
2023-10-08 09:51:51.773104,420,14,1.0,0.93,13,Laptop
2023-10-08 09:51:53.784655,420,14,1.0,0.86,13,Laptop
2023-10-08 09:51:55.297932,420,14,1.0,1.0,13,Laptop
2023-10-08 09:51:57.306723,420,14,1.0,0.86,13,Laptop
2023-10-08 09:51:59.291972,420,14,1.0,0.86,13,Laptop
2023-10-08 09:52:01.411393,420,14,0.0,0.86,13,Laptop
2023-10-08 09:52:03.251287,420,14,1.0,0.86,13,Laptop
2023-10-08 09:52:05.690714,420,14,0.0,0.86,13,Laptop
2023-10-08 09:52:08.015460,420,14,1.0,0.79,13,Laptop
2023-10-08 09:52:09.657407,420,14,1.0,1.0,13,Laptop
2023-10-08 09:52:11.801672,420,14,0.93,0.86,13,Laptop
2023-10-08 09:52:14.583793,420,14,0.93,0.86,13,Laptop
2023-10-08 09:52:16.401265,420,14,0.0,0.86,13,Laptop
2023-10-08 09:52:18.399594,420,14,1.0,0.86,13,Laptop
2023-10-08 09:52:20.404523,420,14,1.0,0.86,13,Laptop
2023-10-08 09:52:22.636945,420,14,0.0,0.93,13,Laptop
2023-10-08 09:52:24.834471,420,14,0.0,0.71,13,Laptop
2023-10-08 09:52:26.612185,420,14,0.93,1.0,13,Laptop
2023-10-08 09:52:28.320214,420,14,1.0,0.86,13,Laptop
2023-10-08 09:52:30.572429,420,14,0.0,1.0,13,Laptop
2023-10-08 09:52:32.184999,420,14,1.0,1.0,13,Laptop
2023-10-08 09:52:34.082831,420,14,1.0,0.93,13,Laptop
2023-10-08 09:52:36.095723,420,14,1.0,1.0,13,Laptop
2023-10-08 09:52:38.220681,420,14,0.93,0.93,13,Laptop
2023-10-08 09:52:40.073793,420,14,1.0,1.0,13,Laptop
2023-10-08 09:52:42.288620,420,14,1.0,0.86,13,Laptop
2023-10-08 09:52:44.459831,420,14,0.0,0.86,13,Laptop
2023-10-08 09:52:46.428791,420,14,1.0,0.79,13,Laptop
2023-10-08 09:52:48.286921,420,14,1.0,0.79,13,Laptop
2023-10-08 09:52:50.460184,420,14,1.0,0.93,13,Laptop
2023-10-08 09:52:52.734648,420,14,1.0,0.86,13,Laptop
2023-10-08 09:52:54.505157,420,14,1.0,0.86,13,Laptop
2023-10-08 09:52:56.751654,420,14,1.0,0.93,13,Laptop
2023-10-08 09:52:59.116620,420,14,1.0,0.79,13,Laptop
2023-10-08 09:53:00.902977,420,14,1.0,0.93,13,Laptop
2023-10-08 09:53:03.747358,420,14,1.0,0.79,13,Laptop
2023-10-08 09:53:05.756335,420,14,1.0,0.64,13,Laptop
2023-10-08 09:53:07.762800,420,14,1.0,0.79,13,Laptop
2023-10-08 09:53:09.675275,420,14,1.0,0.86,13,Laptop
2023-10-08 09:53:11.396525,420,14,1.0,0.93,13,Laptop
2023-10-08 09:53:13.304189,420,14,1.0,0.93,13,Laptop
2023-10-08 09:53:15.395160,420,14,1.0,0.93,13,Laptop
2023-10-08 09:53:17.401597,420,14,0.0,0.86,13,Laptop
2023-10-08 09:53:19.546351,420,14,0.0,0.79,13,Laptop
2023-10-08 09:53:21.562787,420,14,1.0,0.79,13,Laptop
2023-10-08 09:53:23.828736,420,14,0.0,0.79,13,Laptop
2023-10-08 09:53:25.580503,420,14,1.0,0.79,13,Laptop
2023-10-08 09:53:27.674077,420,14,1.0,0.93,13,Laptop
2023-10-08 09:53:29.663626,420,14,0.93,0.86,13,Laptop
2023-10-08 09:53:31.636694,420,14,0.93,0.79,13,Laptop
2023-10-08 09:53:33.719108,420,14,1.0,1.0,13,Laptop
2023-10-08 09:53:35.823973,420,14,1.0,0.86,13,Laptop
2023-10-08 09:53:37.915879,420,14,0.0,0.79,13,Laptop
2023-10-08 09:53:39.613345,420,14,1.0,0.86,13,Laptop
2023-10-08 09:53:41.657938,420,14,0.93,0.86,13,Laptop
2023-10-08 09:53:43.458594,420,14,1.0,0.93,13,Laptop
2023-10-08 09:53:45.407307,420,14,1.0,0.86,13,Laptop
2023-10-08 09:53:47.573011,420,14,0.93,0.71,13,Laptop
2023-10-08 09:53:49.505731,420,14,0.0,0.86,13,Laptop
2023-10-08 09:53:51.437380,420,14,1.0,1.0,13,Laptop
2023-10-08 09:53:53.226292,420,14,1.0,0.93,13,Laptop
2023-10-08 09:53:55.027941,420,14,1.0,0.93,13,Laptop
2023-10-08 09:53:56.948944,420,14,1.0,1.0,13,Laptop
2023-10-08 09:53:58.930374,420,14,1.0,0.86,13,Laptop
2023-10-08 09:54:00.964837,420,14,0.93,1.0,13,Laptop
2023-10-08 09:54:02.888828,420,14,0.93,0.86,13,Laptop
2023-10-08 09:54:04.841795,420,14,0.93,1.0,13,Laptop
2023-10-08 09:54:06.794009,420,14,0.0,0.93,13,Laptop
2023-10-08 09:54:08.690647,420,14,1.0,0.79,13,Laptop
2023-10-08 09:54:10.344187,420,14,1.0,0.93,13,Laptop
2023-10-08 09:54:12.619652,420,14,0.0,1.0,13,Laptop
2023-10-08 09:54:14.491737,420,14,1.0,0.71,13,Laptop
2023-10-08 09:54:16.589827,420,14,1.0,0.86,13,Laptop
2023-10-08 09:54:18.695098,420,14,1.0,0.86,13,Laptop
2023-10-08 09:54:20.449234,420,14,1.0,0.93,13,Laptop
2023-10-08 09:54:22.604915,420,14,1.0,0.93,13,Laptop
2023-10-08 09:54:24.649918,420,14,1.0,0.86,13,Laptop
2023-10-08 09:54:26.529306,420,14,1.0,0.93,13,Laptop
2023-10-08 09:54:28.279916,420,14,1.0,1.0,13,Laptop
2023-10-08 09:54:30.455421,420,14,1.0,0.93,13,Laptop
2023-10-08 09:54:32.922274,420,14,1.0,0.79,13,Laptop
2023-10-08 09:54:35.123841,420,14,0.93,0.93,13,Laptop
2023-10-08 09:54:37.137145,420,14,1.0,0.86,13,Laptop
2023-10-08 09:54:39.104507,420,14,0.0,1.0,13,Laptop
2023-10-08 09:54:41.042728,420,14,1.0,0.86,13,Laptop
2023-10-08 09:54:43.108613,420,14,1.0,0.86,14,Laptop
2023-10-08 09:55:34.368043,180,22,0.95,1.0,14,Laptop
2023-10-08 09:57:16.340512,180,22,0.69,1.0,1,Laptop
2023-10-08 09:57:17.359898,180,22,0.95,0.95,14,Laptop
2023-10-08 09:57:18.762388,420,14,1.0,1.0,14,Laptop
2023-10-08 09:57:19.736031,240,22,1.0,1.0,14,Laptop
2023-10-08 09:57:20.928051,240,22,1.0,1.0,14,Laptop
2023-10-08 09:57:22.633722,300,22,1.0,0.95,14,Laptop
2023-10-08 09:57:24.228162,300,22,0.95,0.91,14,Laptop
2023-10-08 09:57:27.263149,360,22,1.0,0.68,14,Laptop
2023-10-08 09:57:29.378054,360,22,0.95,0.82,14,Laptop
2023-10-08 09:57:31.441666,300,14,1.0,0.93,14,Laptop
2023-10-08 09:57:33.300905,300,14,1.0,1.0,14,Laptop
2023-10-08 09:57:36.280575,300,18,1.0,0.78,14,Laptop
2023-10-08 09:57:40.488433,300,18,1.0,0.5,14,Laptop
2023-10-08 09:57:43.852442,240,14,1.0,0.64,14,Laptop
2023-10-08 09:58:00.274774,300,18,1.0,0.72,14,Laptop
2023-10-08 09:58:02.974794,300,18,0.94,0.72,14,Laptop
2023-10-08 09:58:05.519939,300,18,1.0,0.83,14,Laptop
2023-10-08 09:58:08.461055,300,18,1.0,0.72,14,Laptop
2023-10-08 09:58:11.447381,300,18,1.0,0.56,14,Laptop
2023-10-08 09:58:14.122790,300,18,1.0,0.72,14,Laptop
2023-10-08 09:58:17.397363,300,18,1.0,0.5,14,Laptop
2023-10-08 09:58:19.836265,300,18,1.0,0.83,14,Laptop
2023-10-08 09:58:22.847532,300,18,1.0,0.56,14,Laptop
2023-10-08 09:58:25.918762,300,18,1.0,0.67,14,Laptop
2023-10-08 09:58:28.578981,300,18,1.0,0.72,14,Laptop
2023-10-08 09:58:31.926381,300,18,1.0,0.72,14,Laptop
2023-10-08 09:58:34.889640,300,18,1.0,0.89,14,Laptop
2023-10-08 09:58:37.601440,300,18,1.0,0.72,14,Laptop
2023-10-08 09:58:41.220070,300,18,1.0,0.56,14,Laptop
2023-10-08 09:58:43.604000,300,18,1.0,0.78,14,Laptop
2023-10-08 09:58:46.399527,300,18,1.0,0.89,14,Laptop
2023-10-08 09:58:49.260852,300,18,1.0,0.78,14,Laptop
2023-10-08 09:58:51.842166,300,18,1.0,0.89,14,Laptop
2023-10-08 09:58:54.176429,300,18,1.0,0.89,14,Laptop
2023-10-08 09:58:56.595773,300,18,1.0,0.94,14,Laptop
2023-10-08 09:58:58.639906,300,18,1.0,0.94,14,Laptop
2023-10-08 09:59:00.885910,300,18,0.94,0.89,14,Laptop
2023-10-08 09:59:03.499044,300,18,1.0,0.83,14,Laptop
2023-10-08 09:59:06.788111,300,18,1.0,0.83,14,Laptop
2023-10-08 09:59:09.346767,300,18,0.94,0.78,14,Laptop
2023-10-08 09:59:11.565121,300,18,0.94,0.83,14,Laptop
2023-10-08 09:59:13.512531,300,18,1.0,1.0,14,Laptop
2023-10-08 09:59:15.471346,300,18,1.0,0.89,14,Laptop
2023-10-08 09:59:17.859700,300,18,1.0,0.94,14,Laptop
2023-10-08 09:59:20.203938,300,18,1.0,0.83,14,Laptop
2023-10-08 09:59:22.280649,300,18,1.0,0.89,14,Laptop
2023-10-08 09:59:24.619858,300,18,1.0,1.0,14,Laptop
2023-10-08 09:59:27.679713,300,18,1.0,0.78,14,Laptop
2023-10-08 09:59:30.724038,300,18,1.0,0.89,14,Laptop
2023-10-08 09:59:34.098866,300,18,1.0,0.67,14,Laptop
2023-10-08 09:59:37.480949,300,18,1.0,0.5,14,Laptop
2023-10-08 09:59:40.487272,300,18,1.0,0.72,14,Laptop
2023-10-08 09:59:43.503677,300,18,1.0,0.67,14,Laptop
2023-10-08 09:59:46.619842,300,18,1.0,0.78,14,Laptop
2023-10-08 09:59:49.448115,300,18,1.0,0.78,14,Laptop
2023-10-08 09:59:52.296972,300,18,1.0,0.72,14,Laptop
2023-10-08 09:59:54.580236,300,18,1.0,0.94,14,Laptop
2023-10-08 09:59:57.316037,300,18,1.0,0.89,14,Laptop
2023-10-08 10:00:00.056923,300,18,1.0,0.78,14,Laptop
2023-10-08 10:00:02.500832,300,18,1.0,0.72,14,Laptop
2023-10-08 10:00:05.518938,300,18,1.0,0.67,14,Laptop
2023-10-08 10:00:07.435209,300,18,1.0,0.83,14,Laptop
2023-10-08 10:00:09.447484,300,18,1.0,0.94,14,Laptop
2023-10-08 10:00:11.262764,300,18,1.0,0.83,14,Laptop
2023-10-08 10:00:13.230509,300,18,1.0,0.94,14,Laptop
2023-10-08 10:00:15.144776,300,18,1.0,0.89,14,Laptop
2023-10-08 10:00:17.493760,300,18,1.0,1.0,14,Laptop
2023-10-08 10:00:19.777601,300,18,1.0,0.83,14,Laptop
2023-10-08 10:00:21.781117,300,18,0.94,1.0,14,Laptop
2023-10-08 10:00:23.589028,300,18,1.0,0.89,14,Laptop
2023-10-08 10:00:25.808484,300,18,1.0,0.89,14,Laptop
2023-10-08 10:00:27.942529,300,18,1.0,0.83,14,Laptop
2023-10-08 10:00:29.861124,300,18,1.0,1.0,14,Laptop
2023-10-08 10:00:31.861815,300,18,1.0,0.94,14,Laptop
2023-10-08 10:00:33.957944,300,18,1.0,0.83,14,Laptop
2023-10-08 10:00:35.638800,300,18,1.0,0.89,14,Laptop
2023-10-08 10:00:37.601569,300,18,1.0,0.94,14,Laptop
2023-10-08 10:00:39.530592,300,18,1.0,0.94,14,Laptop
2023-10-08 10:00:41.177047,300,18,0.94,0.94,14,Laptop
2023-10-08 10:00:43.073188,300,18,1.0,1.0,14,Laptop
2023-10-08 10:00:45.141493,300,18,1.0,1.0,14,Laptop
2023-10-08 10:00:46.879160,300,18,1.0,0.94,14,Laptop
2023-10-08 10:00:48.705791,300,18,1.0,0.94,14,Laptop
2023-10-08 10:00:50.671357,300,18,1.0,0.94,14,Laptop
2023-10-08 10:00:52.393037,300,18,1.0,0.89,14,Laptop
2023-10-08 10:00:54.278215,300,18,1.0,0.89,14,Laptop
2023-10-08 10:00:55.965295,300,18,1.0,0.94,14,Laptop
2023-10-08 10:00:58.020345,300,18,1.0,0.94,14,Laptop
2023-10-08 10:00:59.719152,300,18,1.0,1.0,14,Laptop
2023-10-08 10:01:01.772183,300,18,1.0,0.94,14,Laptop
2023-10-08 10:01:03.548817,300,18,1.0,0.89,14,Laptop
2023-10-08 10:01:05.471163,300,18,1.0,0.94,14,Laptop
2023-10-08 10:01:07.234586,300,18,1.0,0.89,14,Laptop
2023-10-08 10:01:09.247851,300,18,1.0,0.89,14,Laptop
2023-10-08 10:01:11.087578,300,18,1.0,0.94,14,Laptop